<TICKER>,<PER>,<DATE>,<TIME>,<OPEN>,<HIGH>,<LOW>,futures_price,<VOL>
SPFB.GOLD,D,20180103,000000,1310.0000000,1323.4000000,1310.0000000,1319.1000000,75935
SPFB.GOLD,D,20180104,000000,1318.6000000,1345.2000000,1312.0000000,1328.3000000,59265
SPFB.GOLD,D,20180105,000000,1328.1000000,1328.1000000,1317.5000000,1324.4000000,59213
SPFB.GOLD,D,20180109,000000,1324.3000000,1324.3000000,1313.2000000,1317.0000000,49051
SPFB.GOLD,D,20180110,000000,1316.6000000,1330.1000000,1312.8000000,1322.5000000,75542
SPFB.GOLD,D,20180111,000000,1322.1000000,1328.8000000,1319.7000000,1327.5000000,43648
SPFB.GOLD,D,20180112,000000,1327.5000000,1343.7000000,1322.3000000,1343.0000000,95890
SPFB.GOLD,D,20180115,000000,1343.0000000,1347.6000000,1338.9000000,1340.1000000,29998
SPFB.GOLD,D,20180116,000000,1341.0000000,1344.0000000,1335.0000000,1343.2000000,50953
SPFB.GOLD,D,20180117,000000,1342.0000000,1344.2000000,1330.6000000,1332.2000000,52521
SPFB.GOLD,D,20180118,000000,1331.7000000,1336.7000000,1325.9000000,1328.6000000,73586
SPFB.GOLD,D,20180119,000000,1330.0000000,1341.7000000,1330.0000000,1336.8000000,33700
SPFB.GOLD,D,20180122,000000,1336.0000000,1338.2000000,1330.9000000,1337.1000000,31307
SPFB.GOLD,D,20180123,000000,1337.9000000,1346.0000000,1334.3000000,1345.1000000,42304
SPFB.GOLD,D,20180124,000000,1345.9000000,1365.7000000,1345.8000000,1361.5000000,74427
SPFB.GOLD,D,20180125,000000,1362.1000000,1370.0000000,1346.5000000,1350.2000000,93986
SPFB.GOLD,D,20180126,000000,1353.9000000,1360.2000000,1350.9000000,1352.6000000,46284
SPFB.GOLD,D,20180129,000000,1351.5000000,1352.4000000,1340.4000000,1344.0000000,53549
SPFB.GOLD,D,20180130,000000,1342.6000000,1352.5000000,1336.3000000,1339.8000000,72829
SPFB.GOLD,D,20180131,000000,1340.0000000,1350.7000000,1334.9000000,1350.3000000,68224
SPFB.GOLD,D,20180201,000000,1348.7000000,1352.6000000,1339.7000000,1350.4000000,49348
SPFB.GOLD,D,20180202,000000,1350.4000000,1352.5000000,1330.1000000,1332.3000000,81052
SPFB.GOLD,D,20180205,000000,1332.8000000,1343.2000000,1331.1000000,1338.4000000,63727
SPFB.GOLD,D,20180206,000000,1341.0000000,1347.3000000,1323.5000000,1325.5000000,99291
SPFB.GOLD,D,20180207,000000,1326.7000000,1334.2000000,1315.0000000,1318.6000000,64569
SPFB.GOLD,D,20180208,000000,1318.0000000,1324.1000000,1307.4000000,1321.0000000,92824
SPFB.GOLD,D,20180209,000000,1321.1000000,1324.3000000,1300.0000000,1315.9000000,72944
SPFB.GOLD,D,20180212,000000,1315.9000000,1328.8000000,1315.9000000,1325.6000000,45545
SPFB.GOLD,D,20180213,000000,1326.7000000,1333.6000000,1325.0000000,1331.9000000,53423
SPFB.GOLD,D,20180214,000000,1332.0000000,1357.9000000,1320.0000000,1356.3000000,119566
SPFB.GOLD,D,20180215,000000,1355.2000000,1364.0000000,1350.5000000,1360.5000000,68135
SPFB.GOLD,D,20180216,000000,1361.0000000,1363.9000000,1347.1000000,1354.1000000,59007
SPFB.GOLD,D,20180219,000000,1354.1000000,1354.1000000,1347.6000000,1349.1000000,24882
SPFB.GOLD,D,20180220,000000,1348.5000000,1348.5000000,1330.5000000,1332.4000000,82478
SPFB.GOLD,D,20180221,000000,1331.1000000,1338.5000000,1322.0000000,1327.0000000,80864
SPFB.GOLD,D,20180222,000000,1324.1000000,1336.0000000,1322.6000000,1334.6000000,57996
SPFB.GOLD,D,20180226,000000,1336.0000000,1344.8000000,1331.7000000,1335.1000000,74480
SPFB.GOLD,D,20180227,000000,1334.3000000,1336.4000000,1314.8000000,1318.6000000,80240
SPFB.GOLD,D,20180228,000000,1319.2000000,1323.4000000,1316.5000000,1318.0000000,58796
SPFB.GOLD,D,20180301,000000,1317.2000000,1323.0000000,1304.0000000,1320.5000000,125648
SPFB.GOLD,D,20180302,000000,1318.7000000,1327.4000000,1316.6000000,1322.6000000,69867
SPFB.GOLD,D,20180305,000000,1324.5000000,1329.0000000,1318.4000000,1321.4000000,59648
SPFB.GOLD,D,20180306,000000,1321.5000000,1339.3000000,1321.1000000,1335.2000000,89559
SPFB.GOLD,D,20180307,000000,1334.2000000,1335.9000000,1322.7000000,1324.5000000,57422
SPFB.GOLD,D,20180309,000000,1323.5000000,1326.1000000,1314.0000000,1324.1000000,55260
SPFB.GOLD,D,20180312,000000,1329.0000000,1331.6000000,1323.5000000,1331.4000000,4622
SPFB.GOLD,D,20180313,000000,1330.1000000,1336.9000000,1321.7000000,1336.8000000,10407
SPFB.GOLD,D,20180314,000000,1335.4000000,1343.2000000,1329.3000000,1331.7000000,25258
SPFB.GOLD,D,20180315,000000,1332.2000000,1332.9000000,1323.4000000,1324.8000000,52225
SPFB.GOLD,D,20180316,000000,1325.2000000,1329.6000000,1317.3000000,1322.2000000,44580
SPFB.GOLD,D,20180319,000000,1321.5000000,1327.7000000,1315.7000000,1325.2000000,50849
SPFB.GOLD,D,20180320,000000,1324.7000000,1324.9000000,1315.0000000,1320.5000000,51190
SPFB.GOLD,D,20180321,000000,1320.8000000,1343.7000000,1320.8000000,1341.4000000,101521
SPFB.GOLD,D,20180322,000000,1339.9000000,1341.5000000,1332.4000000,1338.0000000,47280
SPFB.GOLD,D,20180323,000000,1338.0000000,1358.1000000,1338.0000000,1354.7000000,69091
SPFB.GOLD,D,20180326,000000,1352.3000000,1363.4000000,1351.6000000,1360.7000000,52797
SPFB.GOLD,D,20180327,000000,1361.5000000,1365.0000000,1347.5000000,1351.2000000,54781
SPFB.GOLD,D,20180328,000000,1351.0000000,1351.0000000,1331.1000000,1332.0000000,63328
SPFB.GOLD,D,20180329,000000,1331.6000000,1333.9000000,1328.1000000,1332.9000000,44676
SPFB.GOLD,D,20180330,000000,1332.3000000,1335.9000000,1326.8000000,1328.2000000,10357
SPFB.GOLD,D,20180402,000000,1333.1000000,1351.6000000,1333.1000000,1347.6000000,46070
SPFB.GOLD,D,20180403,000000,1347.7000000,1348.2000000,1335.3000000,1338.0000000,49694
SPFB.GOLD,D,20180404,000000,1338.8000000,1354.9000000,1338.6000000,1340.0000000,79794
SPFB.GOLD,D,20180405,000000,1339.9000000,1339.9000000,1328.5000000,1328.6000000,47372
SPFB.GOLD,D,20180406,000000,1330.3000000,1341.4000000,1325.8000000,1340.3000000,63283
SPFB.GOLD,D,20180409,000000,1338.3000000,1344.1000000,1332.4000000,1342.9000000,39918
SPFB.GOLD,D,20180410,000000,1341.6000000,1349.0000000,1338.7000000,1346.4000000,37062
SPFB.GOLD,D,20180411,000000,1347.0000000,1372.5000000,1347.0000000,1359.6000000,121484
SPFB.GOLD,D,20180412,000000,1359.0000000,1359.0000000,1339.4000000,1340.5000000,77028
SPFB.GOLD,D,20180413,000000,1342.0000000,1352.5000000,1335.9000000,1349.8000000,43660
SPFB.GOLD,D,20180416,000000,1349.3000000,1356.3000000,1346.0000000,1350.6000000,57786
SPFB.GOLD,D,20180417,000000,1350.8000000,1354.1000000,1342.2000000,1352.5000000,49392
SPFB.GOLD,D,20180418,000000,1352.5000000,1361.7000000,1347.9000000,1355.0000000,51280
SPFB.GOLD,D,20180419,000000,1356.4000000,1360.3000000,1344.4000000,1350.4000000,56237
SPFB.GOLD,D,20180420,000000,1348.7000000,1349.3000000,1339.5000000,1340.9000000,32273
SPFB.GOLD,D,20180423,000000,1340.0000000,1340.8000000,1326.8000000,1329.5000000,47029
SPFB.GOLD,D,20180424,000000,1329.9000000,1337.7000000,1327.7000000,1335.2000000,51156
SPFB.GOLD,D,20180425,000000,1335.2000000,1335.2000000,1322.2000000,1326.9000000,64500
SPFB.GOLD,D,20180426,000000,1328.4000000,1331.2000000,1319.1000000,1321.4000000,44114
SPFB.GOLD,D,20180427,000000,1321.5000000,1329.0000000,1319.3000000,1327.4000000,38772
SPFB.GOLD,D,20180428,000000,1328.0000000,1330.0000000,1322.5000000,1326.1000000,3081
SPFB.GOLD,D,20180430,000000,1324.6000000,1324.7000000,1314.1000000,1319.9000000,51322
SPFB.GOLD,D,20180502,000000,1318.3000000,1318.3000000,1307.8000000,1309.3000000,58331
SPFB.GOLD,D,20180503,000000,1309.6000000,1322.5000000,1309.6000000,1316.7000000,46040
SPFB.GOLD,D,20180504,000000,1315.8000000,1322.3000000,1311.9000000,1318.8000000,34196
SPFB.GOLD,D,20180507,000000,1318.5000000,1319.5000000,1313.7000000,1318.0000000,34389
SPFB.GOLD,D,20180508,000000,1317.4000000,1322.0000000,1309.8000000,1318.4000000,75354
SPFB.GOLD,D,20180510,000000,1318.1000000,1326.7000000,1314.3000000,1324.6000000,63004
SPFB.GOLD,D,20180511,000000,1324.4000000,1329.7000000,1321.0000000,1322.4000000,44320
SPFB.GOLD,D,20180514,000000,1322.8000000,1325.0000000,1315.8000000,1316.0000000,31228
SPFB.GOLD,D,20180515,000000,1315.7000000,1315.7000000,1291.8000000,1293.1000000,113219
SPFB.GOLD,D,20180516,000000,1293.4000000,1299.2000000,1288.0000000,1294.2000000,58324
SPFB.GOLD,D,20180517,000000,1293.6000000,1295.4000000,1287.8000000,1294.2000000,48404
SPFB.GOLD,D,20180518,000000,1293.6000000,1296.8000000,1289.1000000,1294.1000000,25212
SPFB.GOLD,D,20180521,000000,1294.0000000,1295.9000000,1285.3000000,1295.8000000,31474
SPFB.GOLD,D,20180522,000000,1295.8000000,1299.5000000,1290.6000000,1293.9000000,41241
SPFB.GOLD,D,20180523,000000,1293.7000000,1307.0000000,1290.5000000,1296.5000000,62369
SPFB.GOLD,D,20180524,000000,1297.5000000,1310.6000000,1297.5000000,1308.4000000,52707
SPFB.GOLD,D,20180525,000000,1307.0000000,1311.0000000,1302.5000000,1304.2000000,43055
SPFB.GOLD,D,20180528,000000,1302.4000000,1303.8000000,1298.9000000,1302.0000000,22127
SPFB.GOLD,D,20180529,000000,1300.7000000,1309.7000000,1295.7000000,1302.3000000,90658
SPFB.GOLD,D,20180530,000000,1301.8000000,1307.6000000,1299.0000000,1305.6000000,32560
SPFB.GOLD,D,20180531,000000,1305.7000000,1309.3000000,1299.4000000,1300.5000000,39424
SPFB.GOLD,D,20180601,000000,1301.0000000,1302.6000000,1291.8000000,1295.7000000,37093
SPFB.GOLD,D,20180604,000000,1295.6000000,1300.3000000,1292.4000000,1294.5000000,34802
SPFB.GOLD,D,20180605,000000,1295.3000000,1302.2000000,1290.6000000,1298.4000000,42062
SPFB.GOLD,D,20180606,000000,1298.4000000,1304.0000000,1296.1000000,1298.5000000,34554
SPFB.GOLD,D,20180607,000000,1298.4000000,1305.0000000,1296.7000000,1299.4000000,29124
SPFB.GOLD,D,20180608,000000,1298.9000000,1302.1000000,1296.1000000,1300.0000000,26981
SPFB.GOLD,D,20180609,000000,1300.3000000,1301.0000000,1299.5000000,1300.7000000,1121
SPFB.GOLD,D,20180611,000000,1308.8000000,1312.3000000,1304.5000000,1311.2000000,490
SPFB.GOLD,D,20180613,000000,1310.0000000,1310.0000000,1302.2000000,1308.0000000,3501
SPFB.GOLD,D,20180614,000000,1309.2000000,1318.5000000,1309.2000000,1312.0000000,11491
SPFB.GOLD,D,20180615,000000,1311.0000000,1311.0000000,1285.1000000,1289.7000000,7883
SPFB.GOLD,D,20180618,000000,1289.5000000,1293.0000000,1280.2000000,1287.4000000,13290
SPFB.GOLD,D,20180619,000000,1287.8000000,1292.3000000,1280.2000000,1284.4000000,8260
SPFB.GOLD,D,20180620,000000,1284.0000000,1287.0000000,1273.0000000,1277.2000000,26973
SPFB.GOLD,D,20180621,000000,1277.2000000,1280.1000000,1270.4000000,1277.2000000,58557
SPFB.GOLD,D,20180622,000000,1278.5000000,1281.4000000,1276.5000000,1278.3000000,20899
SPFB.GOLD,D,20180625,000000,1278.3000000,1280.0000000,1273.2000000,1274.2000000,38466
SPFB.GOLD,D,20180626,000000,1274.0000000,1274.0000000,1263.6000000,1267.4000000,49336
SPFB.GOLD,D,20180627,000000,1267.0000000,1269.4000000,1259.8000000,1261.2000000,34694
SPFB.GOLD,D,20180628,000000,1261.0000000,1263.0000000,1254.5000000,1256.3000000,37417
SPFB.GOLD,D,20180629,000000,1257.4000000,1263.8000000,1256.3000000,1260.0000000,43425
SPFB.GOLD,D,20180702,000000,1259.5000000,1259.5000000,1246.9000000,1248.3000000,46864
SPFB.GOLD,D,20180703,000000,1249.8000000,1266.0000000,1249.4000000,1263.5000000,67733
SPFB.GOLD,D,20180704,000000,1263.5000000,1270.4000000,1262.2000000,1266.1000000,36994
SPFB.GOLD,D,20180705,000000,1265.5000000,1268.7000000,1259.5000000,1264.7000000,43884
SPFB.GOLD,D,20180706,000000,1264.7000000,1267.5000000,1261.7000000,1263.4000000,21823
SPFB.GOLD,D,20180709,000000,1264.0000000,1274.2000000,1264.0000000,1266.1000000,42844
SPFB.GOLD,D,20180710,000000,1266.1000000,1266.1000000,1255.4000000,1263.4000000,68780
SPFB.GOLD,D,20180711,000000,1263.1000000,1263.1000000,1249.2000000,1249.5000000,49585
SPFB.GOLD,D,20180712,000000,1250.3000000,1255.4000000,1248.4000000,1253.3000000,34332
SPFB.GOLD,D,20180713,000000,1252.8000000,1252.8000000,1243.0000000,1248.1000000,46461
SPFB.GOLD,D,20180716,000000,1248.9000000,1252.1000000,1245.1000000,1247.8000000,29457
SPFB.GOLD,D,20180717,000000,1248.0000000,1251.9000000,1232.7000000,1233.1000000,78290
SPFB.GOLD,D,20180718,000000,1233.1000000,1235.0000000,1227.1000000,1233.8000000,40510
SPFB.GOLD,D,20180719,000000,1233.5000000,1235.9000000,1217.4000000,1229.9000000,89241
SPFB.GOLD,D,20180720,000000,1230.4000000,1238.9000000,1227.9000000,1236.8000000,57121
SPFB.GOLD,D,20180723,000000,1235.5000000,1238.7000000,1228.3000000,1230.1000000,38472
SPFB.GOLD,D,20180724,000000,1230.0000000,1235.2000000,1223.8000000,1231.3000000,37667
SPFB.GOLD,D,20180725,000000,1231.9000000,1240.6000000,1231.4000000,1236.7000000,49972
SPFB.GOLD,D,20180726,000000,1236.0000000,1236.9000000,1227.6000000,1228.8000000,37109
SPFB.GOLD,D,20180727,000000,1229.2000000,1232.2000000,1222.6000000,1228.0000000,44213
SPFB.GOLD,D,20180730,000000,1227.5000000,1230.5000000,1224.7000000,1226.4000000,22895
SPFB.GOLD,D,20180731,000000,1227.0000000,1233.4000000,1218.5000000,1228.5000000,71505
SPFB.GOLD,D,20180801,000000,1228.1000000,1229.5000000,1220.8000000,1221.0000000,37421
SPFB.GOLD,D,20180802,000000,1222.1000000,1223.4000000,1212.3000000,1212.6000000,48356
SPFB.GOLD,D,20180803,000000,1212.2000000,1224.7000000,1208.6000000,1218.7000000,69118
SPFB.GOLD,D,20180806,000000,1218.3000000,1218.3000000,1211.0000000,1212.5000000,45012
SPFB.GOLD,D,20180807,000000,1212.9000000,1220.4000000,1212.9000000,1215.8000000,38187
SPFB.GOLD,D,20180808,000000,1216.3000000,1220.3000000,1210.0000000,1217.4000000,68296
SPFB.GOLD,D,20180809,000000,1217.8000000,1223.0000000,1214.0000000,1216.0000000,61094
SPFB.GOLD,D,20180810,000000,1215.9000000,1221.1000000,1210.6000000,1214.9000000,54963
SPFB.GOLD,D,20180813,000000,1214.8000000,1219.8000000,1195.2000000,1197.6000000,103892
SPFB.GOLD,D,20180814,000000,1197.9000000,1201.9000000,1195.0000000,1197.4000000,42311
SPFB.GOLD,D,20180815,000000,1196.6000000,1196.6000000,1176.4000000,1177.9000000,92536
SPFB.GOLD,D,20180816,000000,1178.2000000,1185.0000000,1176.7000000,1177.8000000,66267
SPFB.GOLD,D,20180817,000000,1177.3000000,1188.3000000,1177.0000000,1187.1000000,56821
SPFB.GOLD,D,20180820,000000,1188.3000000,1194.2000000,1187.5000000,1193.8000000,51998
SPFB.GOLD,D,20180821,000000,1194.0000000,1199.7000000,1190.9000000,1199.3000000,67300
SPFB.GOLD,D,20180822,000000,1198.9000000,1204.4000000,1195.4000000,1198.4000000,63074
SPFB.GOLD,D,20180823,000000,1197.6000000,1197.6000000,1186.0000000,1187.5000000,40270
SPFB.GOLD,D,20180824,000000,1189.3000000,1210.6000000,1189.3000000,1208.7000000,92974
SPFB.GOLD,D,20180827,000000,1207.3000000,1214.8000000,1204.8000000,1213.2000000,56168
SPFB.GOLD,D,20180828,000000,1213.5000000,1216.9000000,1202.0000000,1203.1000000,78896
SPFB.GOLD,D,20180829,000000,1204.6000000,1209.8000000,1203.4000000,1209.0000000,38475
SPFB.GOLD,D,20180830,000000,1208.4000000,1208.8000000,1197.7000000,1202.4000000,56441
SPFB.GOLD,D,20180831,000000,1202.7000000,1211.0000000,1199.9000000,1202.8000000,45563
SPFB.GOLD,D,20180903,000000,1202.5000000,1205.9000000,1200.2000000,1203.5000000,22857
SPFB.GOLD,D,20180904,000000,1202.6000000,1202.6000000,1191.4000000,1192.5000000,56176
SPFB.GOLD,D,20180905,000000,1193.6000000,1199.9000000,1193.4000000,1198.5000000,40697
SPFB.GOLD,D,20180906,000000,1198.5000000,1208.4000000,1198.0000000,1201.3000000,58191
SPFB.GOLD,D,20180907,000000,1202.0000000,1203.9000000,1194.5000000,1196.7000000,51293
SPFB.GOLD,D,20180910,000000,1202.9000000,1207.0000000,1199.4000000,1205.1000000,1759
SPFB.GOLD,D,20180911,000000,1206.5000000,1207.1000000,1196.4000000,1206.7000000,2327
SPFB.GOLD,D,20180912,000000,1205.0000000,1216.5000000,1199.1000000,1213.5000000,2492
SPFB.GOLD,D,20180913,000000,1213.0000000,1220.0000000,1207.2000000,1209.0000000,5789
SPFB.GOLD,D,20180914,000000,1211.5000000,1216.2000000,1200.7000000,1201.7000000,4956
SPFB.GOLD,D,20180917,000000,1202.2000000,1212.6000000,1202.2000000,1208.8000000,6968
SPFB.GOLD,D,20180918,000000,1208.3000000,1210.5000000,1203.9000000,1205.5000000,18020
SPFB.GOLD,D,20180919,000000,1206.1000000,1213.5000000,1204.0000000,1211.6000000,32007
SPFB.GOLD,D,20180920,000000,1211.6000000,1215.6000000,1205.5000000,1214.6000000,51569
SPFB.GOLD,D,20180921,000000,1215.0000000,1218.4000000,1199.0000000,1206.6000000,81589
SPFB.GOLD,D,20180924,000000,1206.1000000,1211.6000000,1203.9000000,1206.4000000,37021
SPFB.GOLD,D,20180925,000000,1207.0000000,1210.3000000,1205.2000000,1208.4000000,19184
SPFB.GOLD,D,20180926,000000,1207.8000000,1208.4000000,1197.5000000,1201.1000000,70751
SPFB.GOLD,D,20180927,000000,1201.3000000,1204.0000000,1188.1000000,1188.6000000,50011
SPFB.GOLD,D,20180928,000000,1188.5000000,1200.3000000,1186.7000000,1197.6000000,47530
SPFB.GOLD,D,20181001,000000,1197.6000000,1198.8000000,1191.2000000,1195.4000000,37529
SPFB.GOLD,D,20181002,000000,1195.7000000,1215.0000000,1195.6000000,1209.8000000,96731
SPFB.GOLD,D,20181003,000000,1210.1000000,1212.6000000,1204.0000000,1204.0000000,53338
SPFB.GOLD,D,20181004,000000,1204.9000000,1214.1000000,1204.2000000,1206.2000000,79391
SPFB.GOLD,D,20181005,000000,1206.0000000,1213.0000000,1203.8000000,1210.9000000,42678
SPFB.GOLD,D,20181008,000000,1210.6000000,1210.6000000,1189.5000000,1194.7000000,75522
SPFB.GOLD,D,20181009,000000,1195.7000000,1197.3000000,1189.8000000,1195.8000000,47039
SPFB.GOLD,D,20181010,000000,1196.0000000,1202.6000000,1191.7000000,1201.8000000,64293
SPFB.GOLD,D,20181011,000000,1201.4000000,1233.2000000,1200.2000000,1232.0000000,196653
SPFB.GOLD,D,20181012,000000,1231.7000000,1231.7000000,1222.2000000,1223.8000000,92932
SPFB.GOLD,D,20181015,000000,1224.3000000,1240.7000000,1224.3000000,1234.2000000,98059
SPFB.GOLD,D,20181016,000000,1234.0000000,1239.6000000,1228.9000000,1230.3000000,74347
SPFB.GOLD,D,20181017,000000,1229.8000000,1236.4000000,1227.9000000,1229.3000000,70786
SPFB.GOLD,D,20181018,000000,1228.2000000,1236.6000000,1225.1000000,1231.6000000,66124
SPFB.GOLD,D,20181019,000000,1231.9000000,1236.7000000,1228.9000000,1232.9000000,42503
SPFB.GOLD,D,20181022,000000,1232.4000000,1233.8000000,1225.5000000,1227.6000000,37405
SPFB.GOLD,D,20181023,000000,1228.5000000,1245.6000000,1228.5000000,1236.5000000,84924
SPFB.GOLD,D,20181024,000000,1236.8000000,1239.5000000,1230.2000000,1238.8000000,53677
SPFB.GOLD,D,20181025,000000,1239.0000000,1242.0000000,1232.8000000,1237.0000000,37914
SPFB.GOLD,D,20181026,000000,1236.7000000,1250.1000000,1236.1000000,1239.0000000,137689
SPFB.GOLD,D,20181029,000000,1238.4000000,1238.4000000,1228.9000000,1234.3000000,70912
SPFB.GOLD,D,20181030,000000,1233.8000000,1233.8000000,1224.5000000,1228.0000000,46104
SPFB.GOLD,D,20181031,000000,1227.5000000,1227.5000000,1216.6000000,1219.6000000,59909
SPFB.GOLD,D,20181101,000000,1220.0000000,1241.9000000,1220.0000000,1237.5000000,63611
SPFB.GOLD,D,20181102,000000,1237.5000000,1241.2000000,1233.8000000,1237.4000000,41252
SPFB.GOLD,D,20181106,000000,1236.4000000,1240.9000000,1228.1000000,1231.4000000,50283
SPFB.GOLD,D,20181107,000000,1232.0000000,1241.0000000,1230.1000000,1230.6000000,44179
SPFB.GOLD,D,20181108,000000,1230.2000000,1231.8000000,1223.9000000,1227.5000000,46389
SPFB.GOLD,D,20181109,000000,1227.0000000,1227.0000000,1210.6000000,1213.5000000,70586
SPFB.GOLD,D,20181112,000000,1212.2000000,1212.2000000,1204.3000000,1204.8000000,54470
SPFB.GOLD,D,20181113,000000,1204.9000000,1207.8000000,1199.4000000,1205.5000000,68233
SPFB.GOLD,D,20181114,000000,1205.7000000,1219.5000000,1201.0000000,1215.1000000,67938
SPFB.GOLD,D,20181115,000000,1215.3000000,1219.5000000,1210.1000000,1215.7000000,58947
SPFB.GOLD,D,20181116,000000,1217.7000000,1228.5000000,1217.2000000,1224.6000000,58266
SPFB.GOLD,D,20181119,000000,1224.3000000,1228.6000000,1221.4000000,1227.0000000,33390
SPFB.GOLD,D,20181120,000000,1226.6000000,1231.6000000,1222.3000000,1223.6000000,58010
SPFB.GOLD,D,20181121,000000,1224.0000000,1233.1000000,1224.0000000,1228.6000000,32848
SPFB.GOLD,D,20181122,000000,1229.4000000,1231.9000000,1228.3000000,1228.7000000,14641
SPFB.GOLD,D,20181123,000000,1228.5000000,1229.0000000,1222.8000000,1225.8000000,31015
SPFB.GOLD,D,20181126,000000,1227.1000000,1230.7000000,1223.8000000,1224.4000000,18233
SPFB.GOLD,D,20181127,000000,1224.0000000,1227.8000000,1213.9000000,1215.7000000,50585
SPFB.GOLD,D,20181128,000000,1215.7000000,1229.6000000,1212.9000000,1223.1000000,52320
SPFB.GOLD,D,20181129,000000,1224.0000000,1231.0000000,1224.0000000,1225.8000000,33372
SPFB.GOLD,D,20181130,000000,1226.0000000,1226.7000000,1217.4000000,1222.8000000,24229
SPFB.GOLD,D,20181203,000000,1223.9000000,1236.5000000,1223.9000000,1232.0000000,54059
SPFB.GOLD,D,20181204,000000,1233.6000000,1243.7000000,1233.6000000,1240.2000000,59371
SPFB.GOLD,D,20181205,000000,1239.1000000,1240.4000000,1234.5000000,1238.8000000,25615
SPFB.GOLD,D,20181206,000000,1237.4000000,1246.0000000,1236.2000000,1239.3000000,43374
SPFB.GOLD,D,20181207,000000,1240.4000000,1251.6000000,1239.3000000,1250.5000000,47388
SPFB.GOLD,D,20181210,000000,1258.9000000,1259.2000000,1252.6000000,1255.6000000,1906
SPFB.GOLD,D,20181211,000000,1257.6000000,1258.9000000,1251.9000000,1252.9000000,2190
SPFB.GOLD,D,20181212,000000,1253.4000000,1257.4000000,1251.7000000,1256.3000000,2472
SPFB.GOLD,D,20181213,000000,1257.2000000,1257.2000000,1250.0000000,1252.0000000,2230
SPFB.GOLD,D,20181214,000000,1250.9000000,1251.2000000,1240.0000000,1247.7000000,8673
SPFB.GOLD,D,20181217,000000,1247.5000000,1257.5000000,1246.9000000,1255.7000000,5656
SPFB.GOLD,D,20181218,000000,1255.1000000,1259.8000000,1255.1000000,1259.4000000,8401
SPFB.GOLD,D,20181219,000000,1259.8000000,1271.8000000,1256.7000000,1257.0000000,56870
SPFB.GOLD,D,20181220,000000,1258.8000000,1278.4000000,1257.0000000,1273.0000000,76246
SPFB.GOLD,D,20181221,000000,1272.5000000,1274.6000000,1264.9000000,1266.2000000,44327
SPFB.GOLD,D,20181224,000000,1268.0000000,1281.4000000,1268.0000000,1280.7000000,32389
SPFB.GOLD,D,20181225,000000,1281.1000000,1284.2000000,1277.0000000,1282.5000000,6429
SPFB.GOLD,D,20181226,000000,1282.7000000,1290.4000000,1275.3000000,1277.6000000,42635
SPFB.GOLD,D,20181227,000000,1278.3000000,1289.9000000,1277.0000000,1285.1000000,36325
SPFB.GOLD,D,20181228,000000,1285.7000000,1293.8000000,1285.7000000,1290.0000000,36106
SPFB.GOLD,D,20181229,000000,1290.1000000,1298.9000000,1288.9000000,1297.3000000,2296
SPFB.GOLD,D,20190103,000000,1297.3000000,1308.2000000,1296.3000000,1305.8000000,29347
SPFB.GOLD,D,20190104,000000,1304.7000000,1306.2000000,1284.4000000,1293.6000000,48937
SPFB.GOLD,D,20190108,000000,1293.0000000,1295.3000000,1287.7000000,1293.5000000,23020
SPFB.GOLD,D,20190109,000000,1292.7000000,1302.7000000,1288.2000000,1302.4000000,33659
SPFB.GOLD,D,20190110,000000,1302.8000000,1305.4000000,1295.0000000,1295.7000000,27187
SPFB.GOLD,D,20190111,000000,1297.4000000,1303.4000000,1294.8000000,1295.9000000,18401
SPFB.GOLD,D,20190114,000000,1297.0000000,1303.3000000,1295.8000000,1299.8000000,34429
SPFB.GOLD,D,20190115,000000,1299.0000000,1301.6000000,1293.9000000,1296.9000000,28127
SPFB.GOLD,D,20190116,000000,1297.1000000,1302.6000000,1295.3000000,1300.5000000,22467
SPFB.GOLD,D,20190117,000000,1300.1000000,1301.9000000,1295.5000000,1299.0000000,23823
SPFB.GOLD,D,20190118,000000,1299.6000000,1299.6000000,1287.4000000,1287.9000000,35117
SPFB.GOLD,D,20190121,000000,1288.6000000,1296.3000000,1282.8000000,1286.1000000,30672
SPFB.GOLD,D,20190122,000000,1286.0000000,1292.3000000,1284.6000000,1290.6000000,34525
SPFB.GOLD,D,20190123,000000,1290.6000000,1293.4000000,1285.1000000,1289.9000000,27360
SPFB.GOLD,D,20190124,000000,1289.2000000,1290.5000000,1283.2000000,1287.4000000,29537
SPFB.GOLD,D,20190125,000000,1288.2000000,1306.8000000,1288.2000000,1305.6000000,47036
SPFB.GOLD,D,20190128,000000,1306.0000000,1310.7000000,1303.8000000,1309.6000000,39329
SPFB.GOLD,D,20190129,000000,1310.0000000,1318.1000000,1310.0000000,1316.6000000,37899
SPFB.GOLD,D,20190130,000000,1317.5000000,1329.4000000,1315.3000000,1324.7000000,43371
SPFB.GOLD,D,20190131,000000,1324.9000000,1332.3000000,1323.2000000,1326.4000000,33671
SPFB.GOLD,D,20190201,000000,1325.5000000,1329.5000000,1321.9000000,1325.2000000,30557
SPFB.GOLD,D,20190204,000000,1324.0000000,1324.0000000,1313.8000000,1318.3000000,23632
SPFB.GOLD,D,20190205,000000,1319.1000000,1322.1000000,1315.6000000,1320.3000000,24377
SPFB.GOLD,D,20190206,000000,1319.4000000,1321.1000000,1311.1000000,1311.9000000,26487
SPFB.GOLD,D,20190207,000000,1311.6000000,1316.6000000,1308.2000000,1314.5000000,24180
SPFB.GOLD,D,20190208,000000,1314.1000000,1320.5000000,1312.5000000,1319.2000000,25803
SPFB.GOLD,D,20190211,000000,1318.9000000,1318.9000000,1307.9000000,1312.8000000,27377
SPFB.GOLD,D,20190212,000000,1313.9000000,1319.1000000,1312.8000000,1316.1000000,29134
SPFB.GOLD,D,20190213,000000,1316.7000000,1332.9000000,1310.0000000,1310.7000000,49648
SPFB.GOLD,D,20190214,000000,1311.4000000,1319.2000000,1306.0000000,1317.0000000,48223
SPFB.GOLD,D,20190215,000000,1317.8000000,1326.6000000,1317.8000000,1326.6000000,38182
SPFB.GOLD,D,20190218,000000,1326.6000000,1331.5000000,1325.3000000,1330.7000000,19046
SPFB.GOLD,D,20190219,000000,1329.8000000,1345.8000000,1326.5000000,1343.9000000,48866
SPFB.GOLD,D,20190220,000000,1344.0000000,1349.7000000,1340.2000000,1343.2000000,45559
SPFB.GOLD,D,20190221,000000,1342.5000000,1343.6000000,1327.1000000,1327.5000000,53185
SPFB.GOLD,D,20190222,000000,1327.8000000,1335.8000000,1323.8000000,1331.1000000,39154
SPFB.GOLD,D,20190225,000000,1332.7000000,1335.2000000,1327.4000000,1330.4000000,27908
SPFB.GOLD,D,20190226,000000,1329.8000000,1331.8000000,1325.6000000,1331.0000000,26464
SPFB.GOLD,D,20190227,000000,1330.0000000,1330.9000000,1319.1000000,1322.7000000,39893
SPFB.GOLD,D,20190228,000000,1322.1000000,1329.2000000,1315.2000000,1316.7000000,53492
SPFB.GOLD,D,20190301,000000,1316.5000000,1316.5000000,1293.6000000,1293.8000000,93913
SPFB.GOLD,D,20190304,000000,1295.5000000,1297.0000000,1284.7000000,1289.6000000,86057
SPFB.GOLD,D,20190305,000000,1289.1000000,1289.8000000,1282.8000000,1289.3000000,44181
SPFB.GOLD,D,20190306,000000,1289.5000000,1292.6000000,1285.1000000,1288.6000000,34709
SPFB.GOLD,D,20190307,000000,1287.5000000,1290.1000000,1282.0000000,1286.5000000,35830
SPFB.GOLD,D,20190311,000000,1301.4000000,1309.9000000,1301.4000000,1304.9000000,3226
SPFB.GOLD,D,20190312,000000,1307.4000000,1314.0000000,1305.8000000,1313.5000000,2300
SPFB.GOLD,D,20190313,000000,1314.0000000,1322.8000000,1314.0000000,1321.1000000,3143
SPFB.GOLD,D,20190314,000000,1319.4000000,1319.4000000,1304.4000000,1307.7000000,5191
SPFB.GOLD,D,20190315,000000,1309.9000000,1317.6000000,1309.9000000,1313.3000000,4785
SPFB.GOLD,D,20190318,000000,1314.6000000,1317.7000000,1312.2000000,1315.0000000,2855
SPFB.GOLD,D,20190319,000000,1316.4000000,1321.4000000,1314.6000000,1318.3000000,10853
SPFB.GOLD,D,20190320,000000,1318.3000000,1328.8000000,1310.8000000,1324.3000000,35488
SPFB.GOLD,D,20190321,000000,1326.5000000,1331.6000000,1314.5000000,1320.0000000,54478
SPFB.GOLD,D,20190322,000000,1320.9000000,1325.0000000,1319.3000000,1323.4000000,33061
SPFB.GOLD,D,20190325,000000,1323.5000000,1332.4000000,1323.5000000,1329.2000000,49737
SPFB.GOLD,D,20190326,000000,1328.5000000,1328.5000000,1320.7000000,1322.8000000,37510
SPFB.GOLD,D,20190327,000000,1323.4000000,1327.2000000,1316.7000000,1318.0000000,47715
SPFB.GOLD,D,20190328,000000,1318.5000000,1320.1000000,1297.3000000,1299.5000000,69255
SPFB.GOLD,D,20190329,000000,1299.3000000,1308.2000000,1293.5000000,1301.3000000,56717
SPFB.GOLD,D,20190401,000000,1301.0000000,1305.7000000,1295.1000000,1296.5000000,61103
SPFB.GOLD,D,20190402,000000,1295.6000000,1299.8000000,1294.0000000,1299.8000000,35114
SPFB.GOLD,D,20190403,000000,1299.9000000,1302.6000000,1296.7000000,1297.2000000,37876
SPFB.GOLD,D,20190404,000000,1298.5000000,1301.8000000,1288.9000000,1299.6000000,59866
SPFB.GOLD,D,20190405,000000,1299.4000000,1301.0000000,1292.2000000,1299.3000000,47777
SPFB.GOLD,D,20190408,000000,1299.5000000,1311.5000000,1299.5000000,1306.1000000,36145
SPFB.GOLD,D,20190409,000000,1305.7000000,1314.0000000,1305.1000000,1311.1000000,28547
SPFB.GOLD,D,20190410,000000,1312.4000000,1318.0000000,1307.5000000,1315.1000000,41150
SPFB.GOLD,D,20190411,000000,1314.3000000,1314.3000000,1296.3000000,1299.1000000,49020
SPFB.GOLD,D,20190412,000000,1299.4000000,1302.4000000,1296.3000000,1296.8000000,28423
SPFB.GOLD,D,20190415,000000,1296.2000000,1296.5000000,1288.5000000,1293.7000000,43136
SPFB.GOLD,D,20190416,000000,1293.8000000,1293.8000000,1279.1000000,1283.1000000,66316
SPFB.GOLD,D,20190417,000000,1283.5000000,1285.5000000,1278.3000000,1280.1000000,36444
SPFB.GOLD,D,20190418,000000,1279.1000000,1282.7000000,1276.2000000,1280.3000000,39212
SPFB.GOLD,D,20190419,000000,1280.8000000,1281.8000000,1279.5000000,1281.5000000,4713
SPFB.GOLD,D,20190422,000000,1281.5000000,1285.1000000,1278.7000000,1280.3000000,29803
SPFB.GOLD,D,20190423,000000,1279.5000000,1279.5000000,1271.2000000,1277.2000000,49111
SPFB.GOLD,D,20190424,000000,1276.5000000,1282.9000000,1274.2000000,1280.7000000,38079
SPFB.GOLD,D,20190425,000000,1281.4000000,1288.2000000,1280.2000000,1282.5000000,35436
SPFB.GOLD,D,20190426,000000,1282.9000000,1294.1000000,1278.4000000,1290.4000000,42770
SPFB.GOLD,D,20190429,000000,1290.0000000,1290.0000000,1282.8000000,1284.1000000,27871
SPFB.GOLD,D,20190430,000000,1284.5000000,1290.8000000,1284.5000000,1288.0000000,31746
SPFB.GOLD,D,20190502,000000,1287.9000000,1287.9000000,1270.8000000,1275.1000000,36512
SPFB.GOLD,D,20190503,000000,1275.7000000,1286.2000000,1272.6000000,1283.1000000,56744
SPFB.GOLD,D,20190506,000000,1283.3000000,1288.4000000,1280.9000000,1284.7000000,27373
SPFB.GOLD,D,20190507,000000,1285.7000000,1289.9000000,1282.5000000,1288.4000000,44099
SPFB.GOLD,D,20190508,000000,1288.5000000,1294.0000000,1283.2000000,1284.9000000,82210
SPFB.GOLD,D,20190510,000000,1285.6000000,1292.7000000,1285.6000000,1289.7000000,38051
SPFB.GOLD,D,20190513,000000,1289.1000000,1304.4000000,1285.1000000,1303.0000000,48022
SPFB.GOLD,D,20190514,000000,1302.1000000,1302.8000000,1296.9000000,1300.5000000,28851
SPFB.GOLD,D,20190515,000000,1300.0000000,1304.9000000,1296.6000000,1300.1000000,38085
SPFB.GOLD,D,20190516,000000,1300.1000000,1302.5000000,1287.5000000,1290.4000000,35234
SPFB.GOLD,D,20190517,000000,1290.7000000,1292.1000000,1278.0000000,1281.1000000,34296
SPFB.GOLD,D,20190520,000000,1280.6000000,1282.2000000,1276.7000000,1281.1000000,21302
SPFB.GOLD,D,20190521,000000,1280.5000000,1280.5000000,1272.6000000,1277.6000000,22299
SPFB.GOLD,D,20190522,000000,1277.3000000,1280.6000000,1275.1000000,1276.3000000,19928
SPFB.GOLD,D,20190523,000000,1276.8000000,1289.9000000,1275.6000000,1286.3000000,40129
SPFB.GOLD,D,20190524,000000,1285.6000000,1287.7000000,1283.2000000,1287.1000000,16476
SPFB.GOLD,D,20190527,000000,1287.3000000,1289.8000000,1287.1000000,1287.2000000,14528
SPFB.GOLD,D,20190528,000000,1287.2000000,1287.6000000,1278.5000000,1282.1000000,33892
SPFB.GOLD,D,20190529,000000,1282.8000000,1288.3000000,1281.9000000,1284.0000000,26132
SPFB.GOLD,D,20190530,000000,1283.5000000,1292.1000000,1276.1000000,1291.3000000,43524
SPFB.GOLD,D,20190531,000000,1291.6000000,1308.6000000,1267.7000000,1306.4000000,90595
SPFB.GOLD,D,20190603,000000,1307.0000000,1329.1000000,1307.0000000,1326.0000000,56490
SPFB.GOLD,D,20190604,000000,1327.0000000,1330.4000000,1321.1000000,1328.1000000,37443
SPFB.GOLD,D,20190605,000000,1329.5000000,1345.4000000,1328.0000000,1331.2000000,87724
SPFB.GOLD,D,20190606,000000,1332.0000000,1341.0000000,1332.0000000,1336.3000000,35503
SPFB.GOLD,D,20190607,000000,1335.0000000,1349.3000000,1332.0000000,1341.8000000,61771
SPFB.GOLD,D,20190610,000000,1349.6000000,1354.2000000,1333.9000000,1338.2000000,4414
SPFB.GOLD,D,20190611,000000,1338.1000000,1339.8000000,1330.5000000,1337.7000000,2981
SPFB.GOLD,D,20190613,000000,1338.9000000,1353.7000000,1338.9000000,1353.3000000,2881
SPFB.GOLD,D,20190614,000000,1353.4000000,1369.1000000,1348.9000000,1352.2000000,11053
SPFB.GOLD,D,20190617,000000,1348.9000000,1353.5000000,1343.5000000,1350.0000000,10582
SPFB.GOLD,D,20190618,000000,1351.5000000,1364.8000000,1350.0000000,1357.4000000,20925
SPFB.GOLD,D,20190619,000000,1356.2000000,1373.3000000,1351.7000000,1370.5000000,37225
SPFB.GOLD,D,20190620,000000,1371.9000000,1403.5000000,1371.9000000,1398.2000000,100496
SPFB.GOLD,D,20190621,000000,1399.6000000,1410.5000000,1391.1000000,1409.0000000,92072
SPFB.GOLD,D,20190624,000000,1409.6000000,1430.9000000,1409.6000000,1428.0000000,74769
SPFB.GOLD,D,20190625,000000,1428.7000000,1445.8000000,1421.3000000,1432.8000000,117377
SPFB.GOLD,D,20190626,000000,1430.9000000,1430.9000000,1411.4000000,1418.7000000,108268
SPFB.GOLD,D,20190627,000000,1418.0000000,1419.0000000,1407.2000000,1417.1000000,81460
SPFB.GOLD,D,20190628,000000,1418.4000000,1425.4000000,1405.5000000,1419.7000000,70989
SPFB.GOLD,D,20190701,000000,1419.1000000,1419.1000000,1391.2000000,1392.8000000,67477
SPFB.GOLD,D,20190702,000000,1393.4000000,1429.8000000,1393.4000000,1427.6000000,76851
SPFB.GOLD,D,20190703,000000,1428.5000000,1435.7000000,1421.1000000,1427.6000000,83184
SPFB.GOLD,D,20190704,000000,1427.0000000,1427.0000000,1418.8000000,1423.3000000,30655
SPFB.GOLD,D,20190705,000000,1422.3000000,1424.8000000,1395.2000000,1407.1000000,99937
SPFB.GOLD,D,20190708,000000,1408.0000000,1416.2000000,1400.1000000,1403.7000000,48201
SPFB.GOLD,D,20190709,000000,1403.3000000,1408.6000000,1393.6000000,1405.3000000,60076
SPFB.GOLD,D,20190710,000000,1403.6000000,1427.6000000,1398.1000000,1425.9000000,93268
SPFB.GOLD,D,20190711,000000,1426.8000000,1432.5000000,1408.8000000,1412.0000000,85234
SPFB.GOLD,D,20190712,000000,1415.0000000,1425.2000000,1411.2000000,1423.8000000,51567
SPFB.GOLD,D,20190715,000000,1423.2000000,1425.0000000,1415.9000000,1421.6000000,36707
SPFB.GOLD,D,20190716,000000,1421.6000000,1424.4000000,1409.0000000,1413.7000000,77877
SPFB.GOLD,D,20190717,000000,1413.1000000,1434.8000000,1407.9000000,1434.3000000,92572
SPFB.GOLD,D,20190718,000000,1434.0000000,1455.8000000,1422.6000000,1452.6000000,124746
SPFB.GOLD,D,20190719,000000,1452.3000000,1452.3000000,1427.4000000,1433.5000000,126185
SPFB.GOLD,D,20190722,000000,1433.4000000,1436.9000000,1430.6000000,1432.0000000,59430
SPFB.GOLD,D,20190723,000000,1431.7000000,1437.6000000,1423.1000000,1424.8000000,89084
SPFB.GOLD,D,20190724,000000,1426.1000000,1436.6000000,1426.1000000,1432.3000000,61498
SPFB.GOLD,D,20190725,000000,1431.6000000,1440.5000000,1417.5000000,1421.2000000,93542
SPFB.GOLD,D,20190726,000000,1421.5000000,1430.8000000,1419.4000000,1425.4000000,53825
SPFB.GOLD,D,20190729,000000,1424.9000000,1434.7000000,1421.1000000,1433.2000000,36723
SPFB.GOLD,D,20190730,000000,1432.6000000,1439.6000000,1431.1000000,1437.0000000,40720
SPFB.GOLD,D,20190731,000000,1437.4000000,1441.9000000,1416.6000000,1419.5000000,127961
SPFB.GOLD,D,20190801,000000,1418.5000000,1451.1000000,1406.6000000,1449.3000000,195204
SPFB.GOLD,D,20190802,000000,1448.6000000,1453.7000000,1436.7000000,1445.6000000,137193
SPFB.GOLD,D,20190805,000000,1447.3000000,1475.2000000,1447.3000000,1469.7000000,146603
SPFB.GOLD,D,20190806,000000,1468.9000000,1478.9000000,1463.3000000,1477.9000000,85744
SPFB.GOLD,D,20190807,000000,1478.0000000,1515.2000000,1478.0000000,1505.6000000,214363
SPFB.GOLD,D,20190808,000000,1503.3000000,1513.6000000,1494.6000000,1506.1000000,119175
SPFB.GOLD,D,20190809,000000,1506.4000000,1510.3000000,1498.9000000,1501.9000000,73824
SPFB.GOLD,D,20190812,000000,1501.7000000,1523.4000000,1491.1000000,1515.3000000,129468
SPFB.GOLD,D,20190813,000000,1516.1000000,1538.0000000,1482.1000000,1504.4000000,308906
SPFB.GOLD,D,20190814,000000,1503.3000000,1527.2000000,1500.4000000,1519.9000000,202820
SPFB.GOLD,D,20190815,000000,1518.5000000,1529.8000000,1511.4000000,1526.6000000,157947
SPFB.GOLD,D,20190816,000000,1525.7000000,1525.7000000,1506.6000000,1515.4000000,109379
SPFB.GOLD,D,20190819,000000,1514.5000000,1514.5000000,1496.3000000,1499.0000000,99530
SPFB.GOLD,D,20190820,000000,1499.9000000,1511.7000000,1499.9000000,1510.1000000,70943
SPFB.GOLD,D,20190821,000000,1509.5000000,1510.6000000,1499.6000000,1506.0000000,76558
SPFB.GOLD,D,20190822,000000,1506.0000000,1507.2000000,1495.2000000,1501.5000000,90269
SPFB.GOLD,D,20190823,000000,1500.7000000,1532.4000000,1497.6000000,1529.9000000,182121
SPFB.GOLD,D,20190826,000000,1529.9000000,1542.8000000,1527.2000000,1529.8000000,154751
SPFB.GOLD,D,20190827,000000,1531.8000000,1546.4000000,1530.4000000,1545.0000000,111255
SPFB.GOLD,D,20190828,000000,1544.0000000,1549.2000000,1536.3000000,1541.9000000,94798
SPFB.GOLD,D,20190829,000000,1542.1000000,1552.9000000,1521.5000000,1528.2000000,178589
SPFB.GOLD,D,20190830,000000,1530.0000000,1535.3000000,1518.5000000,1523.3000000,94087
SPFB.GOLD,D,20190902,000000,1524.0000000,1534.0000000,1521.2000000,1529.9000000,37805
SPFB.GOLD,D,20190903,000000,1528.8000000,1551.0000000,1527.3000000,1548.9000000,124491
SPFB.GOLD,D,20190904,000000,1545.6000000,1559.0000000,1536.0000000,1554.7000000,122310
SPFB.GOLD,D,20190905,000000,1554.1000000,1554.1000000,1507.7000000,1520.7000000,162091
SPFB.GOLD,D,20190906,000000,1518.3000000,1529.3000000,1504.3000000,1509.0000000,198322
SPFB.GOLD,D,20190909,000000,1509.9000000,1517.0000000,1499.0000000,1500.6000000,116973
SPFB.GOLD,D,20190910,000000,1510.5000000,1513.5000000,1498.5000000,1499.5000000,17652
SPFB.GOLD,D,20190911,000000,1502.0000000,1510.7000000,1499.5000000,1508.2000000,12846
SPFB.GOLD,D,20190912,000000,1510.5000000,1535.6000000,1509.0000000,1510.1000000,34578
SPFB.GOLD,D,20190913,000000,1512.2000000,1520.5000000,1497.5000000,1500.1000000,23338
SPFB.GOLD,D,20190916,000000,1509.0000000,1519.6000000,1507.5000000,1510.1000000,30653
SPFB.GOLD,D,20190917,000000,1509.1000000,1518.4000000,1505.0000000,1512.1000000,22615
SPFB.GOLD,D,20190918,000000,1513.7000000,1522.2000000,1494.1000000,1503.4000000,86781
SPFB.GOLD,D,20190919,000000,1504.5000000,1514.5000000,1503.6000000,1509.0000000,82693
SPFB.GOLD,D,20190920,000000,1509.5000000,1527.4000000,1508.7000000,1526.2000000,76108
SPFB.GOLD,D,20190923,000000,1526.1000000,1535.9000000,1521.5000000,1531.4000000,114799
SPFB.GOLD,D,20190924,000000,1532.5000000,1545.0000000,1525.1000000,1540.0000000,117357
SPFB.GOLD,D,20190925,000000,1539.5000000,1542.4000000,1510.5000000,1514.2000000,153651
SPFB.GOLD,D,20190926,000000,1514.5000000,1522.2000000,1510.0000000,1514.2000000,104768
SPFB.GOLD,D,20190927,000000,1513.7000000,1513.7000000,1496.8000000,1506.1000000,121795
SPFB.GOLD,D,20190930,000000,1506.0000000,1506.0000000,1474.3000000,1482.1000000,161877
SPFB.GOLD,D,20191001,000000,1482.0000000,1496.4000000,1469.1000000,1489.0000000,205163
SPFB.GOLD,D,20191002,000000,1488.8000000,1513.8000000,1485.0000000,1509.8000000,208557
SPFB.GOLD,D,20191003,000000,1508.4000000,1528.2000000,1504.6000000,1513.8000000,218603
SPFB.GOLD,D,20191004,000000,1513.9000000,1523.4000000,1503.5000000,1512.6000000,140566
SPFB.GOLD,D,20191007,000000,1512.7000000,1515.5000000,1496.1000000,1500.7000000,123209
SPFB.GOLD,D,20191008,000000,1500.5000000,1518.0000000,1498.5000000,1513.8000000,154001
SPFB.GOLD,D,20191009,000000,1513.8000000,1520.0000000,1507.7000000,1513.4000000,161494
SPFB.GOLD,D,20191010,000000,1514.5000000,1518.5000000,1498.5000000,1501.1000000,152498
SPFB.GOLD,D,20191011,000000,1501.2000000,1510.2000000,1481.3000000,1495.0000000,200778
SPFB.GOLD,D,20191014,000000,1493.8000000,1504.4000000,1493.8000000,1499.5000000,98903
SPFB.GOLD,D,20191015,000000,1499.4000000,1505.6000000,1484.2000000,1487.5000000,121506
SPFB.GOLD,D,20191016,000000,1487.5000000,1498.0000000,1483.3000000,1496.3000000,109221
SPFB.GOLD,D,20191017,000000,1497.0000000,1503.2000000,1489.6000000,1498.7000000,94272
SPFB.GOLD,D,20191018,000000,1498.0000000,1499.8000000,1491.1000000,1496.6000000,62685
SPFB.GOLD,D,20191021,000000,1497.6000000,1501.3000000,1487.5000000,1489.7000000,81046
SPFB.GOLD,D,20191022,000000,1490.5000000,1494.8000000,1488.2000000,1493.1000000,53131
SPFB.GOLD,D,20191023,000000,1493.4000000,1502.0000000,1493.4000000,1497.8000000,83111
SPFB.GOLD,D,20191024,000000,1498.1000000,1509.4000000,1493.5000000,1508.3000000,104246
SPFB.GOLD,D,20191025,000000,1508.4000000,1523.6000000,1505.7000000,1509.7000000,118868
SPFB.GOLD,D,20191028,000000,1510.0000000,1513.7000000,1495.3000000,1497.3000000,90537
SPFB.GOLD,D,20191029,000000,1497.6000000,1500.7000000,1489.0000000,1494.3000000,82022
SPFB.GOLD,D,20191030,000000,1494.5000000,1503.4000000,1486.0000000,1501.3000000,128295
SPFB.GOLD,D,20191031,000000,1501.6000000,1519.7000000,1501.6000000,1517.4000000,118319
SPFB.GOLD,D,20191101,000000,1517.0000000,1521.5000000,1508.5000000,1519.4000000,104129
SPFB.GOLD,D,20191105,000000,1518.9000000,1518.9000000,1484.3000000,1489.6000000,110562
SPFB.GOLD,D,20191106,000000,1489.9000000,1498.8000000,1487.1000000,1495.9000000,68982
SPFB.GOLD,D,20191107,000000,1495.9000000,1496.7000000,1464.3000000,1472.2000000,160580
SPFB.GOLD,D,20191108,000000,1472.8000000,1477.2000000,1460.2000000,1463.9000000,125680
SPFB.GOLD,D,20191111,000000,1464.3000000,1471.0000000,1452.5000000,1459.4000000,96623
SPFB.GOLD,D,20191112,000000,1458.8000000,1464.5000000,1449.7000000,1462.9000000,120252
SPFB.GOLD,D,20191113,000000,1464.1000000,1471.3000000,1461.5000000,1467.3000000,93795
SPFB.GOLD,D,20191114,000000,1468.5000000,1478.2000000,1467.7000000,1474.2000000,87062
SPFB.GOLD,D,20191115,000000,1473.5000000,1474.2000000,1465.8000000,1470.2000000,59606
SPFB.GOLD,D,20191118,000000,1469.7000000,1477.4000000,1459.6000000,1475.0000000,111451
SPFB.GOLD,D,20191119,000000,1475.5000000,1480.5000000,1468.0000000,1475.0000000,79330
SPFB.GOLD,D,20191120,000000,1476.9000000,1482.5000000,1469.4000000,1475.9000000,117266
SPFB.GOLD,D,20191121,000000,1475.0000000,1477.9000000,1465.4000000,1467.8000000,98427
SPFB.GOLD,D,20191122,000000,1468.0000000,1476.4000000,1464.0000000,1466.1000000,88048
SPFB.GOLD,D,20191125,000000,1465.8000000,1465.8000000,1456.5000000,1457.7000000,66696
SPFB.GOLD,D,20191126,000000,1458.4000000,1466.3000000,1453.0000000,1464.6000000,80795
SPFB.GOLD,D,20191127,000000,1465.0000000,1470.0000000,1455.6000000,1457.6000000,68938
SPFB.GOLD,D,20191128,000000,1457.9000000,1461.4000000,1457.3000000,1459.1000000,31747
SPFB.GOLD,D,20191129,000000,1459.1000000,1469.5000000,1455.8000000,1466.6000000,71021
SPFB.GOLD,D,20191202,000000,1465.3000000,1468.0000000,1456.7000000,1465.9000000,89030
SPFB.GOLD,D,20191203,000000,1465.2000000,1484.3000000,1462.9000000,1480.3000000,113482
SPFB.GOLD,D,20191204,000000,1481.0000000,1486.8000000,1473.2000000,1477.1000000,116694
SPFB.GOLD,D,20191205,000000,1477.2000000,1482.6000000,1474.4000000,1478.3000000,69775
SPFB.GOLD,D,20191206,000000,1477.9000000,1481.9000000,1460.6000000,1462.0000000,101038
SPFB.GOLD,D,20191209,000000,1462.0000000,1467.0000000,1460.8000000,1462.0000000,40085
SPFB.GOLD,D,20191210,000000,1470.6000000,1478.0000000,1470.6000000,1473.4000000,9046
SPFB.GOLD,D,20191211,000000,1473.0000000,1488.2000000,1472.4000000,1484.1000000,10969
SPFB.GOLD,D,20191212,000000,1484.0000000,1496.1000000,1473.7000000,1480.8000000,17762
SPFB.GOLD,D,20191213,000000,1479.6000000,1484.9000000,1473.3000000,1480.5000000,7110
SPFB.GOLD,D,20191216,000000,1481.6000000,1490.4000000,1481.6000000,1486.5000000,6964
SPFB.GOLD,D,20191217,000000,1486.6000000,1490.4000000,1480.4000000,1486.1000000,20934
SPFB.GOLD,D,20191218,000000,1486.5000000,1491.9000000,1480.4000000,1485.4000000,35253
SPFB.GOLD,D,20191219,000000,1485.1000000,1490.8000000,1482.6000000,1488.4000000,53150
SPFB.GOLD,D,20191220,000000,1488.3000000,1490.2000000,1484.8000000,1486.5000000,39974
SPFB.GOLD,D,20191223,000000,1487.3000000,1495.9000000,1487.3000000,1495.5000000,53275
SPFB.GOLD,D,20191224,000000,1495.9000000,1510.6000000,1495.9000000,1509.6000000,46531
SPFB.GOLD,D,20191225,000000,1509.9000000,1513.2000000,1504.9000000,1509.8000000,10306
SPFB.GOLD,D,20191226,000000,1510.4000000,1523.6000000,1510.4000000,1521.5000000,69957
SPFB.GOLD,D,20191227,000000,1521.4000000,1526.0000000,1517.6000000,1521.2000000,32325
SPFB.GOLD,D,20191230,000000,1521.9000000,1525.8000000,1520.2000000,1525.0000000,47998
SPFB.GOLD,D,20200103,000000,1525.0000000,1562.5000000,1525.0000000,1558.0000000,82768
SPFB.GOLD,D,20200106,000000,1558.3000000,1588.0000000,1558.3000000,1573.6000000,85676
SPFB.GOLD,D,20200108,000000,1575.3000000,1603.6000000,1559.9000000,1569.8000000,169991
SPFB.GOLD,D,20200109,000000,1569.2000000,1569.2000000,1550.9000000,1557.8000000,97737
SPFB.GOLD,D,20200110,000000,1557.6000000,1568.7000000,1554.1000000,1568.0000000,69273
SPFB.GOLD,D,20200113,000000,1567.3000000,1567.3000000,1553.6000000,1556.0000000,110046
SPFB.GOLD,D,20200114,000000,1555.6000000,1556.0000000,1545.6000000,1553.1000000,69886
SPFB.GOLD,D,20200115,000000,1554.0000000,1564.9000000,1553.8000000,1562.6000000,66651
SPFB.GOLD,D,20200116,000000,1562.6000000,1564.0000000,1554.4000000,1558.2000000,42345
SPFB.GOLD,D,20200117,000000,1559.3000000,1567.7000000,1559.3000000,1564.0000000,61361
SPFB.GOLD,D,20200120,000000,1565.0000000,1569.2000000,1564.6000000,1568.4000000,33107
SPFB.GOLD,D,20200121,000000,1568.4000000,1572.7000000,1552.3000000,1564.5000000,106507
SPFB.GOLD,D,20200122,000000,1564.5000000,1565.3000000,1557.5000000,1564.5000000,46531
SPFB.GOLD,D,20200123,000000,1563.9000000,1574.2000000,1557.6000000,1568.3000000,89401
SPFB.GOLD,D,20200124,000000,1567.1000000,1582.2000000,1562.8000000,1578.9000000,93249
SPFB.GOLD,D,20200127,000000,1580.0000000,1592.4000000,1580.0000000,1588.2000000,107887
SPFB.GOLD,D,20200128,000000,1587.3000000,1588.4000000,1573.2000000,1574.3000000,95139
SPFB.GOLD,D,20200129,000000,1574.1000000,1583.9000000,1571.2000000,1582.4000000,74190
SPFB.GOLD,D,20200130,000000,1582.8000000,1591.8000000,1578.4000000,1582.4000000,107447
SPFB.GOLD,D,20200131,000000,1582.0000000,1594.8000000,1579.1000000,1592.7000000,116364
SPFB.GOLD,D,20200203,000000,1592.3000000,1592.3000000,1573.1000000,1581.9000000,124963
SPFB.GOLD,D,20200204,000000,1580.6000000,1580.6000000,1553.7000000,1559.4000000,111529
SPFB.GOLD,D,20200205,000000,1560.0000000,1567.2000000,1552.0000000,1561.6000000,91268
SPFB.GOLD,D,20200206,000000,1562.0000000,1572.6000000,1561.5000000,1570.0000000,60858
SPFB.GOLD,D,20200207,000000,1569.5000000,1578.6000000,1564.0000000,1575.5000000,77673
SPFB.GOLD,D,20200210,000000,1574.7000000,1581.4000000,1573.8000000,1577.0000000,49465
SPFB.GOLD,D,20200211,000000,1576.5000000,1578.4000000,1566.0000000,1572.7000000,73605
SPFB.GOLD,D,20200212,000000,1571.2000000,1575.5000000,1565.5000000,1570.5000000,47377
SPFB.GOLD,D,20200213,000000,1570.5000000,1582.2000000,1570.5000000,1579.7000000,62081
SPFB.GOLD,D,20200214,000000,1579.3000000,1588.0000000,1577.3000000,1586.2000000,60408
SPFB.GOLD,D,20200217,000000,1585.9000000,1586.5000000,1582.6000000,1584.3000000,17109
SPFB.GOLD,D,20200218,000000,1584.6000000,1609.0000000,1584.6000000,1606.4000000,100191
SPFB.GOLD,D,20200219,000000,1606.6000000,1615.2000000,1605.8000000,1615.2000000,83825
SPFB.GOLD,D,20200220,000000,1614.1000000,1627.0000000,1607.5000000,1623.2000000,84905
SPFB.GOLD,D,20200221,000000,1624.0000000,1652.5000000,1624.0000000,1648.7000000,166930
SPFB.GOLD,D,20200225,000000,1647.5000000,1660.9000000,1637.8000000,1643.7000000,258493
SPFB.GOLD,D,20200226,000000,1645.0000000,1658.2000000,1628.0000000,1644.4000000,226968
SPFB.GOLD,D,20200227,000000,1646.0000000,1663.6000000,1639.5000000,1641.9000000,202913
SPFB.GOLD,D,20200228,000000,1640.0000000,1643.7000000,1565.9000000,1584.0000000,398856
SPFB.GOLD,D,20200302,000000,1588.0000000,1613.2000000,1588.0000000,1590.5000000,186370
SPFB.GOLD,D,20200303,000000,1591.7000000,1651.2000000,1591.7000000,1640.0000000,271589
SPFB.GOLD,D,20200304,000000,1642.0000000,1651.5000000,1633.5000000,1639.8000000,165374
SPFB.GOLD,D,20200305,000000,1642.0000000,1675.9000000,1638.5000000,1675.5000000,168251
SPFB.GOLD,D,20200306,000000,1675.5000000,1695.0000000,1646.3000000,1671.6000000,417882
SPFB.GOLD,D,20200310,000000,1662.0000000,1698.8000000,1647.2000000,1655.7000000,9715
SPFB.GOLD,D,20200311,000000,1659.6000000,1676.5000000,1639.3000000,1644.8000000,15068
SPFB.GOLD,D,20200312,000000,1642.0000000,1651.6000000,1571.1000000,1581.8000000,26922
SPFB.GOLD,D,20200313,000000,1585.7000000,1603.4000000,1507.7000000,1535.6000000,27443
SPFB.GOLD,D,20200316,000000,1539.0000000,1555.0000000,1431.0000000,1518.2000000,51383
SPFB.GOLD,D,20200317,000000,1511.6000000,1560.0000000,1467.8000000,1534.0000000,46097
SPFB.GOLD,D,20200318,000000,1531.8000000,1531.8000000,1479.0000000,1490.4000000,79314
SPFB.GOLD,D,20200319,000000,1492.0000000,1502.3000000,1472.0000000,1482.9000000,160750
SPFB.GOLD,D,20200320,000000,1483.7000000,1526.0000000,1483.7000000,1506.5000000,125915
SPFB.GOLD,D,20200323,000000,1503.0000000,1578.8000000,1494.5000000,1573.0000000,150222
SPFB.GOLD,D,20200324,000000,1573.5000000,1708.9000000,1573.5000000,1665.0000000,246916
SPFB.GOLD,D,20200325,000000,1664.0000000,1669.0000000,1603.0000000,1627.7000000,157698
SPFB.GOLD,D,20200326,000000,1625.0000000,1668.1000000,1602.4000000,1645.4000000,120868
SPFB.GOLD,D,20200327,000000,1641.7000000,1651.5000000,1624.0000000,1645.2000000,85239
SPFB.GOLD,D,20200330,000000,1641.4000000,1646.0000000,1623.5000000,1634.3000000,64965
SPFB.GOLD,D,20200331,000000,1634.4000000,1634.4000000,1580.0000000,1581.1000000,122518
SPFB.GOLD,D,20200401,000000,1584.4000000,1603.8000000,1573.6000000,1593.1000000,102899
SPFB.GOLD,D,20200402,000000,1597.0000000,1636.0000000,1589.6000000,1629.2000000,112845
SPFB.GOLD,D,20200403,000000,1628.0000000,1643.6000000,1616.4000000,1638.0000000,72181
SPFB.GOLD,D,20200406,000000,1640.1000000,1704.2000000,1640.1000000,1693.4000000,126518
SPFB.GOLD,D,20200407,000000,1694.0000000,1710.9000000,1660.4000000,1672.1000000,148287
SPFB.GOLD,D,20200408,000000,1672.5000000,1686.9000000,1665.3000000,1670.6000000,88972
SPFB.GOLD,D,20200409,000000,1672.0000000,1742.3000000,1672.0000000,1728.0000000,149554
SPFB.GOLD,D,20200410,000000,1730.5000000,1749.4000000,1718.6000000,1744.8000000,32517
SPFB.GOLD,D,20200413,000000,1743.2000000,1758.1000000,1720.9000000,1749.9000000,114957
SPFB.GOLD,D,20200414,000000,1750.4000000,1776.7000000,1737.5000000,1744.9000000,183465
SPFB.GOLD,D,20200415,000000,1742.8000000,1744.7000000,1723.0000000,1732.7000000,153328
SPFB.GOLD,D,20200416,000000,1734.0000000,1757.0000000,1714.2000000,1724.9000000,164451
SPFB.GOLD,D,20200417,000000,1723.0000000,1723.0000000,1682.0000000,1684.9000000,205310
SPFB.GOLD,D,20200420,000000,1685.3000000,1709.8000000,1675.4000000,1704.1000000,188522
SPFB.GOLD,D,20200421,000000,1704.3000000,1708.9000000,1661.1000000,1690.5000000,193232
SPFB.GOLD,D,20200422,000000,1691.2000000,1734.0000000,1690.9000000,1728.6000000,169178
SPFB.GOLD,D,20200423,000000,1730.0000000,1754.2000000,1723.3000000,1741.2000000,149601
SPFB.GOLD,D,20200424,000000,1741.0000000,1750.8000000,1716.5000000,1733.3000000,130836
SPFB.GOLD,D,20200427,000000,1732.6000000,1732.9000000,1710.9000000,1716.9000000,102868
SPFB.GOLD,D,20200428,000000,1715.7000000,1721.8000000,1695.9000000,1714.2000000,110345
SPFB.GOLD,D,20200429,000000,1714.5000000,1724.9000000,1700.1000000,1720.0000000,112234
SPFB.GOLD,D,20200430,000000,1722.1000000,1728.5000000,1680.1000000,1683.5000000,152377
SPFB.GOLD,D,20200504,000000,1684.0000000,1716.9000000,1684.0000000,1701.9000000,108449
SPFB.GOLD,D,20200505,000000,1701.4000000,1710.6000000,1689.0000000,1706.9000000,94238
SPFB.GOLD,D,20200506,000000,1705.0000000,1708.1000000,1681.8000000,1683.0000000,91640
SPFB.GOLD,D,20200507,000000,1686.4000000,1726.3000000,1685.6000000,1721.5000000,111354
SPFB.GOLD,D,20200508,000000,1722.8000000,1729.4000000,1701.4000000,1701.6000000,116246
SPFB.GOLD,D,20200512,000000,1701.1000000,1712.3000000,1697.6000000,1701.2000000,71962
SPFB.GOLD,D,20200513,000000,1703.0000000,1721.9000000,1699.1000000,1719.7000000,145319
SPFB.GOLD,D,20200514,000000,1720.0000000,1740.5000000,1713.0000000,1733.8000000,138694
SPFB.GOLD,D,20200515,000000,1735.0000000,1756.0000000,1733.3000000,1751.7000000,115147
SPFB.GOLD,D,20200518,000000,1751.8000000,1771.0000000,1728.6000000,1731.5000000,161598
SPFB.GOLD,D,20200519,000000,1731.9000000,1749.9000000,1726.0000000,1748.5000000,89980
SPFB.GOLD,D,20200520,000000,1749.0000000,1756.3000000,1743.2000000,1749.0000000,89958
SPFB.GOLD,D,20200521,000000,1748.9000000,1748.9000000,1716.9000000,1727.2000000,97031
SPFB.GOLD,D,20200522,000000,1729.0000000,1743.8000000,1728.4000000,1739.7000000,80829
SPFB.GOLD,D,20200525,000000,1738.0000000,1738.0000000,1722.7000000,1731.1000000,40005
SPFB.GOLD,D,20200526,000000,1732.0000000,1733.5000000,1708.6000000,1710.4000000,110048
SPFB.GOLD,D,20200527,000000,1710.0000000,1714.8000000,1692.0000000,1714.0000000,129997
SPFB.GOLD,D,20200528,000000,1714.4000000,1728.6000000,1709.2000000,1718.4000000,103487
SPFB.GOLD,D,20200529,000000,1718.7000000,1739.7000000,1715.3000000,1731.7000000,99794
SPFB.GOLD,D,20200601,000000,1733.0000000,1745.0000000,1726.4000000,1738.8000000,79718
SPFB.GOLD,D,20200602,000000,1737.2000000,1746.0000000,1718.2000000,1724.0000000,100750
SPFB.GOLD,D,20200603,000000,1724.0000000,1724.9000000,1684.6000000,1694.9000000,136498
SPFB.GOLD,D,20200604,000000,1695.1000000,1720.0000000,1695.1000000,1713.4000000,96608
SPFB.GOLD,D,20200605,000000,1712.3000000,1712.3000000,1665.5000000,1682.9000000,133234
SPFB.GOLD,D,20200608,000000,1683.0000000,1700.7000000,1682.6000000,1697.5000000,79827
SPFB.GOLD,D,20200609,000000,1697.4000000,1719.3000000,1692.4000000,1713.4000000,87961
SPFB.GOLD,D,20200610,000000,1721.5000000,1744.5000000,1712.6000000,1742.3000000,9702
SPFB.GOLD,D,20200611,000000,1740.6000000,1751.9000000,1729.2000000,1734.0000000,13581
SPFB.GOLD,D,20200615,000000,1733.5000000,1737.6000000,1710.0000000,1737.0000000,18970
SPFB.GOLD,D,20200616,000000,1737.3000000,1739.4000000,1721.8000000,1735.7000000,21854
SPFB.GOLD,D,20200617,000000,1735.9000000,1738.3000000,1720.8000000,1734.7000000,55288
SPFB.GOLD,D,20200618,000000,1734.0000000,1743.8000000,1724.3000000,1729.7000000,103149
SPFB.GOLD,D,20200619,000000,1730.0000000,1751.0000000,1730.0000000,1747.4000000,95084
SPFB.GOLD,D,20200622,000000,1749.0000000,1771.0000000,1749.0000000,1762.1000000,129871
SPFB.GOLD,D,20200623,000000,1760.2000000,1778.9000000,1754.2000000,1777.2000000,102324
SPFB.GOLD,D,20200625,000000,1777.0000000,1777.7000000,1760.0000000,1768.9000000,92255
SPFB.GOLD,D,20200626,000000,1768.3000000,1780.0000000,1753.0000000,1779.3000000,94137
SPFB.GOLD,D,20200629,000000,1779.3000000,1783.0000000,1773.5000000,1779.7000000,75268
SPFB.GOLD,D,20200630,000000,1780.5000000,1797.0000000,1771.5000000,1790.6000000,101572
SPFB.GOLD,D,20200702,000000,1790.4000000,1790.4000000,1764.3000000,1783.1000000,124301
SPFB.GOLD,D,20200703,000000,1783.2000000,1786.7000000,1777.9000000,1779.8000000,25742
SPFB.GOLD,D,20200706,000000,1784.1000000,1793.9000000,1777.0000000,1792.4000000,74415
SPFB.GOLD,D,20200707,000000,1791.4000000,1807.2000000,1780.4000000,1803.5000000,105317
SPFB.GOLD,D,20200708,000000,1804.9000000,1823.7000000,1802.1000000,1815.0000000,103172
SPFB.GOLD,D,20200709,000000,1815.6000000,1824.3000000,1800.0000000,1807.6000000,115675
SPFB.GOLD,D,20200710,000000,1806.6000000,1816.5000000,1798.1000000,1804.6000000,99160
SPFB.GOLD,D,20200713,000000,1805.0000000,1817.9000000,1804.3000000,1807.1000000,93987
SPFB.GOLD,D,20200714,000000,1805.5000000,1817.0000000,1792.8000000,1816.9000000,105314
SPFB.GOLD,D,20200715,000000,1815.7000000,1820.1000000,1808.9000000,1817.4000000,65081
SPFB.GOLD,D,20200716,000000,1816.3000000,1816.3000000,1801.5000000,1802.9000000,63147
SPFB.GOLD,D,20200717,000000,1802.9000000,1816.2000000,1802.9000000,1816.0000000,54742
SPFB.GOLD,D,20200720,000000,1816.0000000,1824.9000000,1810.0000000,1823.0000000,82001
SPFB.GOLD,D,20200721,000000,1823.7000000,1847.4000000,1823.7000000,1845.1000000,101157
SPFB.GOLD,D,20200722,000000,1846.4000000,1876.0000000,1846.4000000,1876.0000000,147854
SPFB.GOLD,D,20200723,000000,1876.0000000,1900.4000000,1872.9000000,1889.4000000,176997
SPFB.GOLD,D,20200724,000000,1889.7000000,1908.5000000,1889.5000000,1906.3000000,115804
SPFB.GOLD,D,20200727,000000,1906.5000000,1948.0000000,1906.5000000,1946.4000000,146895
SPFB.GOLD,D,20200728,000000,1945.1000000,1962.6000000,1910.6000000,1957.9000000,272534
SPFB.GOLD,D,20200729,000000,1959.1000000,1982.8000000,1941.7000000,1972.2000000,206852
SPFB.GOLD,D,20200730,000000,1971.8000000,1971.8000000,1939.1000000,1958.9000000,209765
SPFB.GOLD,D,20200731,000000,1959.0000000,1988.9000000,1959.0000000,1975.9000000,182280
SPFB.GOLD,D,20200803,000000,1975.5000000,1977.9000000,1960.5000000,1976.9000000,102721
SPFB.GOLD,D,20200804,000000,1976.5000000,2020.9000000,1968.1000000,2020.0000000,158423
SPFB.GOLD,D,20200805,000000,2020.0000000,2056.2000000,2020.0000000,2038.4000000,195524
SPFB.GOLD,D,20200806,000000,2039.1000000,2070.1000000,2039.1000000,2066.2000000,135893
SPFB.GOLD,D,20200807,000000,2065.0000000,2065.0000000,2015.0000000,2033.1000000,170301
SPFB.GOLD,D,20200810,000000,2033.0000000,2050.2000000,2018.8000000,2025.9000000,110912
SPFB.GOLD,D,20200811,000000,2025.0000000,2025.0000000,1904.2000000,1915.0000000,348148
SPFB.GOLD,D,20200812,000000,1915.5000000,1952.2000000,1909.5000000,1917.4000000,309106
SPFB.GOLD,D,20200813,000000,1920.0000000,1966.9000000,1920.0000000,1956.1000000,237687
SPFB.GOLD,D,20200814,000000,1952.7000000,1957.5000000,1932.7000000,1944.5000000,122817
SPFB.GOLD,D,20200817,000000,1945.6000000,1992.2000000,1945.6000000,1985.4000000,153415
SPFB.GOLD,D,20200818,000000,1986.3000000,2016.4000000,1978.0000000,2000.6000000,182843
SPFB.GOLD,D,20200819,000000,2000.5000000,2000.5000000,1924.6000000,1925.1000000,251447
SPFB.GOLD,D,20200820,000000,1930.0000000,1956.2000000,1925.1000000,1950.4000000,195539
SPFB.GOLD,D,20200821,000000,1950.7000000,1951.1000000,1911.5000000,1940.4000000,187373
SPFB.GOLD,D,20200824,000000,1939.6000000,1962.9000000,1925.3000000,1928.5000000,147707
SPFB.GOLD,D,20200825,000000,1928.5000000,1936.9000000,1914.7000000,1928.8000000,117967
SPFB.GOLD,D,20200826,000000,1927.4000000,1956.5000000,1902.0000000,1954.4000000,211204
SPFB.GOLD,D,20200827,000000,1954.0000000,1977.9000000,1910.4000000,1928.3000000,270279
SPFB.GOLD,D,20200828,000000,1930.2000000,1974.3000000,1925.7000000,1966.3000000,169606
SPFB.GOLD,D,20200831,000000,1966.1000000,1975.8000000,1955.9000000,1966.0000000,106771
SPFB.GOLD,D,20200901,000000,1970.0000000,1992.9000000,1963.4000000,1971.3000000,109894
SPFB.GOLD,D,20200902,000000,1970.5000000,1972.4000000,1933.2000000,1944.3000000,155803
SPFB.GOLD,D,20200903,000000,1942.7000000,1946.9000000,1921.9000000,1930.7000000,127671
SPFB.GOLD,D,20200904,000000,1932.7000000,1949.8000000,1916.8000000,1932.9000000,155881
SPFB.GOLD,D,20200907,000000,1930.9000000,1940.0000000,1924.5000000,1936.3000000,34821
SPFB.GOLD,D,20200908,000000,1933.6000000,1942.0000000,1906.1000000,1932.1000000,174854
SPFB.GOLD,D,20200909,000000,1930.0000000,1960.9000000,1920.5000000,1948.2000000,98960
SPFB.GOLD,D,20200910,000000,1957.1000000,1981.2000000,1951.1000000,1957.2000000,9672
SPFB.GOLD,D,20200911,000000,1954.9000000,1965.3000000,1948.4000000,1959.1000000,7061
SPFB.GOLD,D,20200914,000000,1955.3000000,1972.4000000,1950.0000000,1968.0000000,17765
SPFB.GOLD,D,20200915,000000,1968.5000000,1980.7000000,1958.0000000,1962.5000000,40707
SPFB.GOLD,D,20200916,000000,1964.9000000,1983.0000000,1960.6000000,1969.0000000,78812
SPFB.GOLD,D,20200917,000000,1967.0000000,1967.0000000,1939.0000000,1953.5000000,111307
SPFB.GOLD,D,20200918,000000,1953.6000000,1965.5000000,1950.5000000,1955.2000000,71098
SPFB.GOLD,D,20200921,000000,1955.6000000,1960.4000000,1880.8000000,1917.8000000,184662
SPFB.GOLD,D,20200922,000000,1915.0000000,1923.3000000,1898.4000000,1905.0000000,99911
SPFB.GOLD,D,20200923,000000,1905.0000000,1905.0000000,1857.5000000,1864.5000000,167586
SPFB.GOLD,D,20200924,000000,1864.0000000,1879.9000000,1851.1000000,1872.2000000,128610
SPFB.GOLD,D,20200925,000000,1872.5000000,1879.2000000,1853.1000000,1866.0000000,95728
SPFB.GOLD,D,20200928,000000,1863.3000000,1888.8000000,1851.4000000,1888.8000000,108279
SPFB.GOLD,D,20200929,000000,1888.9000000,1901.7000000,1879.9000000,1900.1000000,83542
SPFB.GOLD,D,20200930,000000,1899.5000000,1905.4000000,1882.1000000,1887.9000000,106805
SPFB.GOLD,D,20201001,000000,1889.0000000,1915.0000000,1889.0000000,1908.2000000,96373
SPFB.GOLD,D,20201002,000000,1910.0000000,1917.8000000,1900.0000000,1902.7000000,77238
SPFB.GOLD,D,20201005,000000,1901.2000000,1921.4000000,1889.0000000,1915.0000000,76181
SPFB.GOLD,D,20201006,000000,1915.0000000,1923.2000000,1876.5000000,1878.7000000,112535
SPFB.GOLD,D,20201007,000000,1880.0000000,1900.7000000,1880.0000000,1889.8000000,83186
SPFB.GOLD,D,20201008,000000,1891.0000000,1906.0000000,1883.3000000,1897.0000000,82578
SPFB.GOLD,D,20201009,000000,1897.7000000,1934.7000000,1897.7000000,1934.2000000,107181
SPFB.GOLD,D,20201012,000000,1932.2000000,1932.2000000,1921.0000000,1924.3000000,59837
SPFB.GOLD,D,20201013,000000,1924.1000000,1927.7000000,1889.6000000,1894.5000000,117905
SPFB.GOLD,D,20201014,000000,1895.5000000,1916.1000000,1895.2000000,1903.5000000,86083
SPFB.GOLD,D,20201015,000000,1903.0000000,1910.9000000,1891.0000000,1910.4000000,99019
SPFB.GOLD,D,20201016,000000,1909.5000000,1916.7000000,1900.1000000,1900.7000000,77934
SPFB.GOLD,D,20201019,000000,1904.0000000,1920.4000000,1901.2000000,1904.4000000,82651
SPFB.GOLD,D,20201020,000000,1904.3000000,1915.7000000,1898.2000000,1909.9000000,79853
SPFB.GOLD,D,20201021,000000,1911.5000000,1933.5000000,1911.5000000,1925.4000000,105088
SPFB.GOLD,D,20201022,000000,1925.0000000,1925.0000000,1895.1000000,1904.3000000,124782
SPFB.GOLD,D,20201023,000000,1905.4000000,1914.8000000,1896.4000000,1904.2000000,85673
SPFB.GOLD,D,20201026,000000,1903.2000000,1909.4000000,1897.0000000,1902.8000000,66551
SPFB.GOLD,D,20201027,000000,1904.8000000,1912.6000000,1898.6000000,1908.0000000,73893
SPFB.GOLD,D,20201028,000000,1907.1000000,1908.5000000,1868.0000000,1875.6000000,151352
SPFB.GOLD,D,20201029,000000,1876.8000000,1883.9000000,1860.1000000,1866.9000000,115953
SPFB.GOLD,D,20201030,000000,1869.3000000,1890.9000000,1867.2000000,1877.7000000,110865
SPFB.GOLD,D,20201102,000000,1877.9000000,1896.7000000,1877.9000000,1896.0000000,70562
SPFB.GOLD,D,20201103,000000,1895.0000000,1910.7000000,1888.2000000,1907.0000000,76304
SPFB.GOLD,D,20201105,000000,1907.5000000,1953.4000000,1907.5000000,1950.0000000,168167
SPFB.GOLD,D,20201106,000000,1949.8000000,1960.8000000,1940.5000000,1952.9000000,155482
SPFB.GOLD,D,20201109,000000,1954.2000000,1963.6000000,1850.6000000,1866.4000000,326658
SPFB.GOLD,D,20201110,000000,1868.8000000,1891.3000000,1867.3000000,1878.0000000,153646
SPFB.GOLD,D,20201111,000000,1879.4000000,1883.1000000,1855.9000000,1864.0000000,123037
SPFB.GOLD,D,20201112,000000,1865.2000000,1884.6000000,1863.2000000,1876.4000000,97393
SPFB.GOLD,D,20201113,000000,1878.0000000,1897.5000000,1876.6000000,1888.5000000,85131
SPFB.GOLD,D,20201116,000000,1888.8000000,1896.9000000,1864.3000000,1888.2000000,159664
SPFB.GOLD,D,20201117,000000,1888.5000000,1894.6000000,1878.3000000,1882.2000000,81089
SPFB.GOLD,D,20201118,000000,1881.2000000,1886.3000000,1864.3000000,1869.5000000,130372
SPFB.GOLD,D,20201119,000000,1869.1000000,1869.1000000,1852.9000000,1867.4000000,135125
SPFB.GOLD,D,20201120,000000,1867.9000000,1880.7000000,1861.6000000,1874.7000000,95964
SPFB.GOLD,D,20201123,000000,1874.5000000,1876.3000000,1830.2000000,1838.0000000,194112
SPFB.GOLD,D,20201124,000000,1837.2000000,1837.2000000,1800.2000000,1806.9000000,203263
SPFB.GOLD,D,20201125,000000,1806.3000000,1818.7000000,1804.2000000,1808.3000000,92892
SPFB.GOLD,D,20201126,000000,1808.3000000,1819.7000000,1807.0000000,1811.5000000,51747
SPFB.GOLD,D,20201127,000000,1810.4000000,1812.7000000,1774.0000000,1783.8000000,167750
SPFB.GOLD,D,20201130,000000,1783.0000000,1784.6000000,1764.9000000,1778.3000000,148555
SPFB.GOLD,D,20201201,000000,1778.6000000,1818.8000000,1778.6000000,1816.1000000,155459
SPFB.GOLD,D,20201202,000000,1815.0000000,1833.0000000,1811.1000000,1828.4000000,190070
SPFB.GOLD,D,20201203,000000,1830.0000000,1844.5000000,1823.6000000,1841.0000000,157108
SPFB.GOLD,D,20201204,000000,1842.0000000,1848.7000000,1831.1000000,1836.9000000,134049
SPFB.GOLD,D,20201207,000000,1836.8000000,1869.7000000,1821.2000000,1862.9000000,165576
SPFB.GOLD,D,20201208,000000,1863.4000000,1876.5000000,1861.0000000,1871.3000000,124671
SPFB.GOLD,D,20201209,000000,1870.1000000,1870.1000000,1824.7000000,1836.5000000,208239
SPFB.GOLD,D,20201210,000000,1843.4000000,1859.1000000,1837.2000000,1844.7000000,13259
SPFB.GOLD,D,20201211,000000,1844.5000000,1855.7000000,1831.3000000,1844.6000000,10975
SPFB.GOLD,D,20201214,000000,1843.2000000,1845.5000000,1825.9000000,1833.7000000,20579
SPFB.GOLD,D,20201215,000000,1835.1000000,1860.2000000,1835.1000000,1858.1000000,28229
SPFB.GOLD,D,20201216,000000,1858.1000000,1872.8000000,1849.4000000,1871.5000000,72296
SPFB.GOLD,D,20201217,000000,1872.8000000,1904.5000000,1872.8000000,1887.0000000,200095
SPFB.GOLD,D,20201218,000000,1886.0000000,1895.8000000,1883.1000000,1886.3000000,104274
SPFB.GOLD,D,20201221,000000,1886.6000000,1907.3000000,1859.7000000,1882.1000000,222297
SPFB.GOLD,D,20201222,000000,1881.9000000,1887.0000000,1865.1000000,1865.4000000,95105
SPFB.GOLD,D,20201223,000000,1866.9000000,1883.4000000,1861.6000000,1876.9000000,92897
SPFB.GOLD,D,20201224,000000,1876.9000000,1889.3000000,1873.7000000,1886.8000000,64820
SPFB.GOLD,D,20201225,000000,1887.9000000,1902.3000000,1885.1000000,1891.7000000,30704
SPFB.GOLD,D,20201228,000000,1889.3000000,1901.9000000,1874.7000000,1879.2000000,102643
SPFB.GOLD,D,20201229,000000,1879.3000000,1891.8000000,1876.6000000,1884.0000000,91322
SPFB.GOLD,D,20201230,000000,1884.9000000,1898.5000000,1880.7000000,1897.2000000,52464
SPFB.GOLD,D,20210104,000000,1898.0000000,1948.6000000,1898.0000000,1947.8000000,132826
SPFB.GOLD,D,20210105,000000,1947.5000000,1957.4000000,1942.8000000,1951.2000000,90337
SPFB.GOLD,D,20210106,000000,1951.0000000,1962.9000000,1904.0000000,1919.5000000,208196
SPFB.GOLD,D,20210108,000000,1920.0000000,1920.0000000,1831.0000000,1851.3000000,296446
SPFB.GOLD,D,20210111,000000,1850.1000000,1859.2000000,1832.3000000,1848.0000000,135254
SPFB.GOLD,D,20210112,000000,1848.8000000,1866.0000000,1839.0000000,1858.8000000,146105
SPFB.GOLD,D,20210113,000000,1859.8000000,1864.4000000,1851.1000000,1852.0000000,102110
SPFB.GOLD,D,20210114,000000,1851.9000000,1859.3000000,1830.4000000,1850.0000000,116038
SPFB.GOLD,D,20210115,000000,1850.0000000,1858.4000000,1824.1000000,1827.0000000,131081
SPFB.GOLD,D,20210118,000000,1827.0000000,1844.2000000,1827.0000000,1842.7000000,64409
SPFB.GOLD,D,20210119,000000,1843.3000000,1847.5000000,1834.4000000,1842.0000000,89912
SPFB.GOLD,D,20210120,000000,1842.5000000,1872.7000000,1833.7000000,1871.9000000,173521
SPFB.GOLD,D,20210121,000000,1872.0000000,1876.3000000,1860.0000000,1870.9000000,109051
SPFB.GOLD,D,20210122,000000,1870.5000000,1872.3000000,1838.1000000,1856.1000000,139322
SPFB.GOLD,D,20210125,000000,1855.5000000,1868.9000000,1848.1000000,1855.6000000,136034
SPFB.GOLD,D,20210126,000000,1856.8000000,1861.2000000,1848.2000000,1854.5000000,80492
SPFB.GOLD,D,20210127,000000,1853.0000000,1853.4000000,1831.8000000,1845.1000000,140783
SPFB.GOLD,D,20210128,000000,1840.0000000,1864.7000000,1834.7000000,1844.1000000,205885
SPFB.GOLD,D,20210129,000000,1845.3000000,1876.5000000,1843.7000000,1845.7000000,205556
SPFB.GOLD,D,20210201,000000,1847.9000000,1873.0000000,1847.9000000,1862.0000000,153148
SPFB.GOLD,D,20210202,000000,1861.7000000,1861.7000000,1830.4000000,1837.0000000,174550
SPFB.GOLD,D,20210203,000000,1837.7000000,1844.6000000,1832.0000000,1834.9000000,84580
SPFB.GOLD,D,20210204,000000,1833.7000000,1833.7000000,1785.5000000,1794.0000000,201687
SPFB.GOLD,D,20210205,000000,1795.6000000,1816.5000000,1794.0000000,1812.4000000,163578
SPFB.GOLD,D,20210208,000000,1812.4000000,1838.7000000,1808.3000000,1832.2000000,138362
SPFB.GOLD,D,20210209,000000,1833.0000000,1849.2000000,1831.9000000,1834.8000000,126718
SPFB.GOLD,D,20210210,000000,1834.8000000,1855.0000000,1834.6000000,1841.7000000,116938
SPFB.GOLD,D,20210211,000000,1842.2000000,1847.3000000,1820.5000000,1827.2000000,115322
SPFB.GOLD,D,20210212,000000,1825.8000000,1831.5000000,1811.2000000,1820.9000000,133778
SPFB.GOLD,D,20210215,000000,1820.0000000,1824.3000000,1816.3000000,1819.5000000,55042
SPFB.GOLD,D,20210216,000000,1819.8000000,1826.5000000,1790.0000000,1795.5000000,217923
SPFB.GOLD,D,20210217,000000,1795.5000000,1795.5000000,1770.1000000,1776.4000000,198869
SPFB.GOLD,D,20210218,000000,1777.7000000,1790.1000000,1769.1000000,1774.9000000,155417
SPFB.GOLD,D,20210219,000000,1774.0000000,1792.2000000,1768.5000000,1781.8000000,166812
SPFB.GOLD,D,20210220,000000,1782.1000000,1786.0000000,1782.1000000,1786.0000000,4512
SPFB.GOLD,D,20210222,000000,1786.7000000,1812.8000000,1786.7000000,1810.6000000,142432
SPFB.GOLD,D,20210224,000000,1809.0000000,1810.5000000,1783.5000000,1803.0000000,146295
SPFB.GOLD,D,20210225,000000,1800.3000000,1800.3000000,1766.1000000,1773.0000000,206190
SPFB.GOLD,D,20210226,000000,1772.5000000,1772.5000000,1718.0000000,1733.0000000,310698
SPFB.GOLD,D,20210301,000000,1733.3000000,1756.6000000,1720.3000000,1722.1000000,307671
SPFB.GOLD,D,20210302,000000,1721.0000000,1738.4000000,1709.6000000,1734.9000000,204409
SPFB.GOLD,D,20210303,000000,1735.8000000,1736.3000000,1702.0000000,1716.0000000,253074
SPFB.GOLD,D,20210304,000000,1715.3000000,1722.7000000,1689.8000000,1697.3000000,310001
SPFB.GOLD,D,20210305,000000,1696.9000000,1707.3000000,1685.6000000,1699.0000000,229201
SPFB.GOLD,D,20210309,000000,1698.7000000,1720.4000000,1688.5000000,1716.0000000,219123
SPFB.GOLD,D,20210310,000000,1715.8000000,1732.1000000,1710.3000000,1731.9000000,50485
SPFB.GOLD,D,20210311,000000,1732.2000000,1744.8000000,1725.3000000,1729.0000000,20225
SPFB.GOLD,D,20210312,000000,1728.0000000,1729.6000000,1703.8000000,1728.2000000,36955
SPFB.GOLD,D,20210315,000000,1728.4000000,1739.0000000,1724.3000000,1736.1000000,35158
SPFB.GOLD,D,20210316,000000,1736.8000000,1745.9000000,1730.0000000,1735.3000000,42651
SPFB.GOLD,D,20210317,000000,1736.0000000,1754.0000000,1728.7000000,1750.0000000,101118
SPFB.GOLD,D,20210318,000000,1750.0000000,1757.0000000,1722.0000000,1737.6000000,249163
SPFB.GOLD,D,20210319,000000,1737.3000000,1747.7000000,1732.2000000,1746.0000000,153649
SPFB.GOLD,D,20210322,000000,1744.9000000,1745.0000000,1729.5000000,1740.4000000,138576
SPFB.GOLD,D,20210323,000000,1739.3000000,1744.4000000,1725.9000000,1728.0000000,147131
SPFB.GOLD,D,20210324,000000,1728.5000000,1740.1000000,1728.5000000,1735.5000000,98433
SPFB.GOLD,D,20210325,000000,1735.2000000,1747.0000000,1723.0000000,1727.7000000,162018
SPFB.GOLD,D,20210326,000000,1727.7000000,1737.9000000,1722.2000000,1733.7000000,94637
SPFB.GOLD,D,20210329,000000,1733.0000000,1733.0000000,1707.1000000,1713.2000000,154787
SPFB.GOLD,D,20210330,000000,1712.8000000,1712.8000000,1680.8000000,1687.2000000,188569
SPFB.GOLD,D,20210331,000000,1686.0000000,1716.2000000,1681.1000000,1709.5000000,219095
SPFB.GOLD,D,20210401,000000,1710.0000000,1731.2000000,1710.0000000,1730.2000000,197567
SPFB.GOLD,D,20210402,000000,1731.2000000,1734.1000000,1723.1000000,1725.9000000,25280
SPFB.GOLD,D,20210405,000000,1725.0000000,1733.7000000,1720.4000000,1729.4000000,113213
SPFB.GOLD,D,20210406,000000,1729.5000000,1745.6000000,1728.9000000,1744.8000000,150843
SPFB.GOLD,D,20210407,000000,1744.8000000,1744.8000000,1731.7000000,1737.6000000,115689
SPFB.GOLD,D,20210408,000000,1739.0000000,1760.0000000,1738.6000000,1757.8000000,152321
SPFB.GOLD,D,20210409,000000,1757.1000000,1757.1000000,1732.3000000,1744.9000000,164476
SPFB.GOLD,D,20210412,000000,1743.9000000,1746.9000000,1728.4000000,1733.3000000,127538
SPFB.GOLD,D,20210413,000000,1733.7000000,1749.9000000,1724.7000000,1746.6000000,155906
SPFB.GOLD,D,20210414,000000,1746.4000000,1751.3000000,1733.4000000,1738.5000000,139007
SPFB.GOLD,D,20210415,000000,1738.5000000,1770.6000000,1738.5000000,1764.8000000,181757
SPFB.GOLD,D,20210416,000000,1764.2000000,1785.0000000,1762.5000000,1777.0000000,147958
SPFB.GOLD,D,20210419,000000,1777.2000000,1791.2000000,1768.1000000,1771.0000000,181758
SPFB.GOLD,D,20210420,000000,1772.0000000,1782.1000000,1764.1000000,1779.3000000,171153
SPFB.GOLD,D,20210421,000000,1780.0000000,1798.4000000,1778.7000000,1794.4000000,168382
SPFB.GOLD,D,20210422,000000,1794.9000000,1795.0000000,1778.4000000,1784.4000000,173739
SPFB.GOLD,D,20210423,000000,1785.5000000,1797.2000000,1770.6000000,1777.2000000,181668
SPFB.GOLD,D,20210426,000000,1777.2000000,1783.6000000,1769.2000000,1782.8000000,129935
SPFB.GOLD,D,20210427,000000,1781.4000000,1786.8000000,1775.8000000,1777.2000000,112380
SPFB.GOLD,D,20210428,000000,1777.3000000,1783.9000000,1763.4000000,1783.1000000,166944
SPFB.GOLD,D,20210429,000000,1783.1000000,1786.5000000,1756.5000000,1773.0000000,236034
SPFB.GOLD,D,20210430,000000,1772.3000000,1774.0000000,1765.2000000,1769.7000000,158550
SPFB.GOLD,D,20210504,000000,1770.0000000,1800.0000000,1770.0000000,1780.0000000,221632
SPFB.GOLD,D,20210505,000000,1781.1000000,1788.9000000,1770.6000000,1788.3000000,119191
SPFB.GOLD,D,20210506,000000,1788.9000000,1818.4000000,1788.4000000,1816.3000000,165877
SPFB.GOLD,D,20210507,000000,1816.9000000,1843.7000000,1816.9000000,1832.4000000,250207
SPFB.GOLD,D,20210510,000000,1832.1000000,1846.5000000,1832.1000000,1837.7000000,125712
SPFB.GOLD,D,20210511,000000,1836.6000000,1842.6000000,1818.5000000,1838.9000000,208567
SPFB.GOLD,D,20210512,000000,1837.4000000,1845.4000000,1813.5000000,1815.2000000,242567
SPFB.GOLD,D,20210513,000000,1816.5000000,1829.4000000,1809.2000000,1828.1000000,155011
SPFB.GOLD,D,20210514,000000,1827.0000000,1848.6000000,1821.7000000,1845.1000000,162184
SPFB.GOLD,D,20210517,000000,1846.0000000,1869.0000000,1844.4000000,1867.3000000,169173
SPFB.GOLD,D,20210518,000000,1867.5000000,1876.5000000,1863.7000000,1869.9000000,137094
SPFB.GOLD,D,20210519,000000,1869.9000000,1891.0000000,1853.0000000,1870.0000000,322375
SPFB.GOLD,D,20210520,000000,1870.5000000,1885.3000000,1865.9000000,1877.9000000,157098
SPFB.GOLD,D,20210521,000000,1877.8000000,1890.0000000,1870.4000000,1880.9000000,157531
