<TICKER>;<PER>;<DATE>;<TIME>;<OPEN>;<HIGH>;<LOW>;share_price;<VOL>
PLZL;D;20180103;0;4595.0000000;4630.0000000;4428.0000000;4466.0000000;21907
PLZL;D;20180104;0;4455.0000000;4500.0000000;4433.0000000;4478.0000000;20670
PLZL;D;20180105;0;4483.0000000;4496.0000000;4420.0000000;4469.0000000;17846
PLZL;D;20180109;0;4476.0000000;4568.0000000;4464.0000000;4556.0000000;33366
PLZL;D;20180110;0;4527.0000000;4574.0000000;4411.0000000;4411.0000000;52753
PLZL;D;20180111;0;4428.0000000;4460.0000000;4357.0000000;4357.0000000;21859
PLZL;D;20180112;0;4378.0000000;4413.0000000;4278.0000000;4328.0000000;25960
PLZL;D;20180115;0;4325.0000000;4397.0000000;4094.0000000;4382.0000000;102030
PLZL;D;20180116;0;4365.0000000;4565.0000000;4365.0000000;4487.0000000;73928
PLZL;D;20180117;0;4467.0000000;4727.0000000;4467.0000000;4659.0000000;93448
PLZL;D;20180118;0;4678.0000000;4720.0000000;4452.0000000;4520.0000000;82452
PLZL;D;20180119;0;4520.0000000;4656.0000000;4328.0000000;4446.0000000;156932
PLZL;D;20180122;0;4447.0000000;4527.0000000;4383.0000000;4527.0000000;51575
PLZL;D;20180123;0;4519.0000000;4543.0000000;4410.0000000;4543.0000000;38531
PLZL;D;20180124;0;4525.0000000;4625.0000000;4507.0000000;4568.0000000;84065
PLZL;D;20180125;0;4592.0000000;4617.0000000;4521.0000000;4570.0000000;48252
PLZL;D;20180126;0;4575.0000000;4648.0000000;4500.0000000;4500.0000000;125655
PLZL;D;20180129;0;4518.0000000;4620.0000000;4450.0000000;4599.0000000;42701
PLZL;D;20180130;0;4578.0000000;4600.0000000;4523.0000000;4547.0000000;17813
PLZL;D;20180131;0;4550.0000000;4599.0000000;4527.0000000;4580.0000000;35673
PLZL;D;20180201;0;4566.0000000;4597.0000000;4505.0000000;4535.0000000;24445
PLZL;D;20180202;0;4515.0000000;4542.0000000;4500.0000000;4509.0000000;25629
PLZL;D;20180205;0;4491.0000000;4589.0000000;4476.0000000;4542.0000000;41522
PLZL;D;20180206;0;4512.0000000;4547.0000000;4462.0000000;4500.0000000;58305
PLZL;D;20180207;0;4515.0000000;4550.0000000;4351.0000000;4351.0000000;49044
PLZL;D;20180208;0;4349.0000000;4420.0000000;4342.0000000;4381.0000000;57487
PLZL;D;20180209;0;4393.0000000;4428.0000000;4313.0000000;4322.0000000;50771
PLZL;D;20180212;0;4341.0000000;4413.0000000;4306.0000000;4350.0000000;35708
PLZL;D;20180213;0;4358.0000000;4399.0000000;4337.0000000;4386.0000000;28898
PLZL;D;20180214;0;4401.0000000;4489.0000000;4350.0000000;4467.0000000;39484
PLZL;D;20180215;0;4478.0000000;4564.0000000;3674.0000000;4490.0000000;69251
PLZL;D;20180216;0;4540.0000000;4556.0000000;4481.0000000;4503.0000000;25476
PLZL;D;20180219;0;4495.0000000;4538.0000000;4371.0000000;4497.0000000;16591
PLZL;D;20180220;0;4474.0000000;4514.0000000;4450.0000000;4489.0000000;17686
PLZL;D;20180221;0;4484.0000000;4569.0000000;4451.0000000;4569.0000000;27380
PLZL;D;20180222;0;4548.0000000;4561.0000000;4472.0000000;4520.0000000;32148
PLZL;D;20180226;0;4520.0000000;4595.0000000;4477.0000000;4499.0000000;51094
PLZL;D;20180227;0;4517.0000000;4548.0000000;4471.0000000;4548.0000000;32833
PLZL;D;20180228;0;4528.0000000;4646.0000000;4491.0000000;4646.0000000;84048
PLZL;D;20180301;0;4550.0000000;4745.0000000;4521.0000000;4706.0000000;68962
PLZL;D;20180302;0;4720.0000000;4802.0000000;4690.0000000;4760.0000000;32849
PLZL;D;20180305;0;4720.0000000;4781.0000000;4701.0000000;4708.0000000;15490
PLZL;D;20180306;0;4711.0000000;4744.0000000;4630.0000000;4703.0000000;33973
PLZL;D;20180307;0;4670.0000000;4708.0000000;4581.0000000;4677.0000000;53202
PLZL;D;20180309;0;4656.0000000;4745.0000000;4656.0000000;4745.0000000;15669
PLZL;D;20180312;0;4744.0000000;4829.0000000;4729.0000000;4829.0000000;27015
PLZL;D;20180313;0;4802.0000000;4930.0000000;4781.0000000;4930.0000000;44761
PLZL;D;20180314;0;4920.0000000;4950.0000000;4835.0000000;4879.0000000;36429
PLZL;D;20180315;0;4860.0000000;4903.0000000;4769.0000000;4838.0000000;34243
PLZL;D;20180316;0;4849.0000000;4850.0000000;4767.0000000;4780.0000000;93543
PLZL;D;20180319;0;4777.0000000;4795.0000000;4701.0000000;4708.0000000;29730
PLZL;D;20180320;0;4725.0000000;4725.0000000;4642.0000000;4680.0000000;28747
PLZL;D;20180321;0;4666.0000000;4695.0000000;4550.0000000;4575.0000000;53566
PLZL;D;20180322;0;4598.0000000;4599.0000000;4455.0000000;4465.0000000;37500
PLZL;D;20180323;0;4462.0000000;4499.0000000;4388.0000000;4447.0000000;35885
PLZL;D;20180326;0;4444.0000000;4445.0000000;4393.0000000;4393.0000000;31434
PLZL;D;20180327;0;4403.0000000;4464.0000000;4330.0000000;4330.0000000;39054
PLZL;D;20180328;0;4329.0000000;4545.0000000;4328.0000000;4545.0000000;53255
PLZL;D;20180329;0;4535.0000000;4546.0000000;4454.0000000;4461.0000000;50411
PLZL;D;20180330;0;4479.0000000;4523.0000000;4469.0000000;4520.0000000;19829
PLZL;D;20180402;0;4539.0000000;4545.0000000;4387.0000000;4387.0000000;15547
PLZL;D;20180403;0;4408.0000000;4514.0000000;4404.0000000;4514.0000000;21916
PLZL;D;20180404;0;4514.0000000;4526.0000000;4471.0000000;4475.0000000;39389
PLZL;D;20180405;0;4515.0000000;4557.0000000;4483.0000000;4497.0000000;57712
PLZL;D;20180406;0;4512.0000000;4525.0000000;4325.0000000;4359.0000000;78146
PLZL;D;20180409;0;4380.0000000;4394.0000000;3208.0000000;3561.0000000;353551
PLZL;D;20180410;0;3500.0000000;3716.0000000;3334.0000000;3677.0000000;185506
PLZL;D;20180411;0;3700.0000000;3876.0000000;3582.0000000;3585.0000000;124723
PLZL;D;20180412;0;3666.0000000;3703.0000000;3551.0000000;3599.0000000;250563
PLZL;D;20180413;0;3615.0000000;3645.0000000;3514.0000000;3550.0000000;89099
PLZL;D;20180416;0;3507.0000000;3656.0000000;3435.0000000;3541.0000000;69321
PLZL;D;20180417;0;3570.0000000;3668.0000000;3570.0000000;3657.0000000;85994
PLZL;D;20180418;0;3652.0000000;3900.0000000;3642.0000000;3718.0000000;287360
PLZL;D;20180419;0;3768.0000000;3812.0000000;3727.0000000;3775.0000000;83187
PLZL;D;20180420;0;3768.0000000;3799.0000000;3751.0000000;3790.0000000;32808
PLZL;D;20180423;0;3801.0000000;3900.0000000;3709.0000000;3900.0000000;94138
PLZL;D;20180424;0;3880.0000000;4020.0000000;3840.0000000;3906.0000000;91669
PLZL;D;20180425;0;3880.0000000;3949.0000000;3806.0000000;3947.0000000;40916
PLZL;D;20180426;0;3950.0000000;3999.0000000;3905.0000000;3920.0000000;38514
PLZL;D;20180427;0;3938.0000000;3999.0000000;3929.0000000;3937.0000000;27708
PLZL;D;20180428;0;3937.0000000;3961.0000000;3911.0000000;3946.0000000;4601
PLZL;D;20180430;0;3952.0000000;4020.0000000;3929.0000000;3995.0000000;21491
PLZL;D;20180502;0;3970.0000000;3989.0000000;3850.0000000;3850.0000000;55294
PLZL;D;20180503;0;3879.0000000;3942.0000000;3850.0000000;3863.0000000;48376
PLZL;D;20180504;0;3880.0000000;3969.0000000;3875.0000000;3955.0000000;30711
PLZL;D;20180507;0;3973.0000000;4038.0000000;3969.0000000;3976.0000000;34623
PLZL;D;20180508;0;3959.0000000;3960.0000000;3890.0000000;3940.0000000;43824
PLZL;D;20180510;0;3945.0000000;3979.0000000;3862.0000000;3920.0000000;47647
PLZL;D;20180511;0;3935.0000000;3939.0000000;3857.0000000;3868.0000000;60732
PLZL;D;20180514;0;3872.0000000;3885.0000000;3810.0000000;3885.0000000;45530
PLZL;D;20180515;0;3849.0000000;3868.0000000;3737.0000000;3737.0000000;59619
PLZL;D;20180516;0;3749.0000000;3811.0000000;3705.0000000;3710.0000000;43225
PLZL;D;20180517;0;3723.0000000;3760.0000000;3685.0000000;3688.0000000;68971
PLZL;D;20180518;0;3701.0000000;3760.0000000;3696.0000000;3730.0000000;32989
PLZL;D;20180521;0;3745.0000000;3789.0000000;3721.0000000;3739.0000000;59354
PLZL;D;20180522;0;3763.0000000;3775.0000000;3703.0000000;3738.0000000;81158
PLZL;D;20180523;0;3751.0000000;3796.0000000;3701.0000000;3712.0000000;76927
PLZL;D;20180524;0;3725.0000000;3757.0000000;3715.0000000;3737.0000000;38033
PLZL;D;20180525;0;3773.0000000;3773.0000000;3721.0000000;3728.0000000;37473
PLZL;D;20180528;0;3739.0000000;3796.0000000;3734.0000000;3785.0000000;13618
PLZL;D;20180529;0;3787.0000000;3820.0000000;3731.0000000;3755.0000000;67141
PLZL;D;20180530;0;3755.0000000;3799.0000000;3725.0000000;3725.0000000;57237
PLZL;D;20180531;0;3741.0000000;3822.0000000;3721.0000000;3750.0000000;129324
PLZL;D;20180601;0;3766.0000000;3861.0000000;3763.0000000;3800.0000000;93332
PLZL;D;20180604;0;3808.0000000;3949.0000000;3808.0000000;3940.0000000;70760
PLZL;D;20180605;0;3941.0000000;3955.0000000;3919.0000000;3940.0000000;44235
PLZL;D;20180606;0;3940.0000000;3947.0000000;3910.0000000;3911.0000000;54512
PLZL;D;20180607;0;3935.0000000;3993.0000000;3909.0000000;3941.0000000;92334
PLZL;D;20180608;0;3835.0000000;3912.0000000;3785.0000000;3785.0000000;112369
PLZL;D;20180609;0;3825.0000000;3834.0000000;3800.0000000;3810.0000000;6567
PLZL;D;20180611;0;3807.0000000;3888.0000000;3790.0000000;3830.0000000;21274
PLZL;D;20180613;0;3847.0000000;3880.0000000;3833.0000000;3845.0000000;33018
PLZL;D;20180614;0;3829.0000000;3931.0000000;3817.0000000;3903.0000000;35223
PLZL;D;20180615;0;3870.0000000;3979.0000000;3870.0000000;3979.0000000;77559
PLZL;D;20180618;0;3951.0000000;3978.0000000;3870.0000000;3870.0000000;52289
PLZL;D;20180619;0;3858.0000000;3929.0000000;3822.0000000;3890.0000000;51622
PLZL;D;20180620;0;3906.0000000;3959.0000000;3877.0000000;3943.0000000;43971
PLZL;D;20180621;0;3958.0000000;3958.0000000;3806.0000000;3806.0000000;60607
PLZL;D;20180622;0;3822.0000000;3940.0000000;3806.0000000;3873.0000000;41142
PLZL;D;20180625;0;3889.0000000;3909.0000000;3862.0000000;3890.0000000;21786
PLZL;D;20180626;0;3899.0000000;3949.0000000;3860.0000000;3894.0000000;37120
PLZL;D;20180627;0;3910.0000000;3940.0000000;3870.0000000;3880.0000000;29959
PLZL;D;20180628;0;3871.0000000;4175.0000000;3871.0000000;4108.0000000;141990
PLZL;D;20180629;0;4145.0000000;4206.0000000;4012.0000000;4206.0000000;60673
PLZL;D;20180702;0;4186.0000000;4200.0000000;4129.0000000;4170.0000000;33793
PLZL;D;20180703;0;4170.0000000;4182.0000000;4079.0000000;4123.0000000;31824
PLZL;D;20180704;0;4106.0000000;4157.0000000;4103.0000000;4131.0000000;13586
PLZL;D;20180705;0;4114.0000000;4192.0000000;4106.0000000;4192.0000000;26432
PLZL;D;20180706;0;4175.0000000;4201.0000000;4151.0000000;4186.0000000;26183
PLZL;D;20180709;0;4196.0000000;4280.0000000;4190.0000000;4276.0000000;26163
PLZL;D;20180710;0;4259.0000000;4320.0000000;4214.0000000;4220.0000000;50496
PLZL;D;20180711;0;4207.0000000;4274.0000000;4187.0000000;4226.0000000;32772
PLZL;D;20180712;0;4210.0000000;4227.0000000;4102.0000000;4179.0000000;28455
PLZL;D;20180713;0;4179.0000000;4260.0000000;4158.0000000;4260.0000000;31337
PLZL;D;20180716;0;4258.0000000;4295.0000000;4144.0000000;4200.0000000;18812
PLZL;D;20180717;0;4183.0000000;4187.0000000;4020.0000000;4137.0000000;18500
PLZL;D;20180718;0;4157.0000000;4239.0000000;4131.0000000;4189.0000000;25501
PLZL;D;20180719;0;4203.0000000;4220.0000000;4120.0000000;4149.0000000;17211
PLZL;D;20180720;0;4136.0000000;4181.0000000;4077.0000000;4077.0000000;24838
PLZL;D;20180723;0;4093.0000000;4166.0000000;4089.0000000;4142.0000000;17738
PLZL;D;20180724;0;4196.0000000;4300.0000000;4141.0000000;4292.0000000;29355
PLZL;D;20180725;0;4225.0000000;4390.0000000;4183.0000000;4361.0000000;38121
PLZL;D;20180726;0;4392.0000000;4437.0000000;4345.0000000;4437.0000000;29327
PLZL;D;20180727;0;4425.0000000;4499.0000000;4387.0000000;4478.0000000;42295
PLZL;D;20180730;0;4402.0000000;4453.0000000;4334.0000000;4416.0000000;19494
PLZL;D;20180731;0;4395.0000000;4469.0000000;4288.0000000;4469.0000000;31505
PLZL;D;20180801;0;4448.0000000;4448.0000000;4348.0000000;4355.0000000;24962
PLZL;D;20180802;0;4380.0000000;4470.0000000;4354.0000000;4442.0000000;60635
PLZL;D;20180803;0;4440.0000000;4478.0000000;4211.0000000;4359.0000000;82975
PLZL;D;20180806;0;4358.0000000;4425.0000000;4305.0000000;4425.0000000;15187
PLZL;D;20180807;0;4423.0000000;4485.0000000;4398.0000000;4480.0000000;27535
PLZL;D;20180808;0;4459.0000000;4490.0000000;4350.0000000;4383.0000000;47928
PLZL;D;20180809;0;4383.0000000;4457.0000000;4350.0000000;4450.0000000;48922
PLZL;D;20180810;0;4197.0000000;4323.0000000;4021.0000000;4214.0000000;118977
PLZL;D;20180813;0;4233.0000000;4247.0000000;4103.0000000;4165.0000000;37272
PLZL;D;20180814;0;4200.0000000;4230.0000000;4130.0000000;4220.0000000;38715
PLZL;D;20180815;0;4236.0000000;4240.0000000;4033.0000000;4146.0000000;51098
PLZL;D;20180816;0;4162.0000000;4199.0000000;4091.0000000;4116.0000000;27176
PLZL;D;20180817;0;4127.0000000;4132.0000000;4006.0000000;4055.0000000;33984
PLZL;D;20180820;0;4098.0000000;4240.0000000;4098.0000000;4208.0000000;25820
PLZL;D;20180821;0;4196.0000000;4246.0000000;4150.0000000;4190.0000000;29081
PLZL;D;20180822;0;4197.0000000;4269.0000000;4167.0000000;4268.0000000;32601
PLZL;D;20180823;0;4268.0000000;4304.0000000;4231.0000000;4255.0000000;45409
PLZL;D;20180824;0;4270.0000000;4397.0000000;4180.0000000;4393.0000000;49703
PLZL;D;20180827;0;4350.0000000;4438.0000000;4306.0000000;4398.0000000;27667
PLZL;D;20180828;0;4399.0000000;4430.0000000;4290.0000000;4337.0000000;45931
PLZL;D;20180829;0;4331.0000000;4368.0000000;4191.0000000;4241.0000000;58934
PLZL;D;20180830;0;4250.0000000;4266.0000000;4113.0000000;4149.0000000;40944
PLZL;D;20180831;0;4155.0000000;4375.0000000;4111.0000000;4373.0000000;116641
PLZL;D;20180903;0;4354.0000000;4408.0000000;4340.0000000;4367.0000000;23236
PLZL;D;20180904;0;4366.0000000;4400.0000000;4266.0000000;4350.0000000;22357
PLZL;D;20180905;0;4291.0000000;4349.0000000;4278.0000000;4289.0000000;37931
PLZL;D;20180906;0;4301.0000000;4425.0000000;4270.0000000;4361.0000000;30884
PLZL;D;20180907;0;4358.0000000;4373.0000000;4266.0000000;4308.0000000;26248
PLZL;D;20180910;0;4310.0000000;4390.0000000;4281.0000000;4336.0000000;22440
PLZL;D;20180911;0;4331.0000000;4370.0000000;4296.0000000;4350.0000000;30211
PLZL;D;20180912;0;4345.0000000;4376.0000000;4150.0000000;4299.0000000;43338
PLZL;D;20180913;0;4300.0000000;4326.0000000;4202.0000000;4233.0000000;45496
PLZL;D;20180914;0;4238.0000000;4240.0000000;4100.0000000;4145.0000000;63460
PLZL;D;20180917;0;4165.0000000;4166.0000000;4054.0000000;4105.0000000;46528
PLZL;D;20180918;0;4121.0000000;4180.0000000;4082.0000000;4110.0000000;44849
PLZL;D;20180919;0;4111.0000000;4132.0000000;4077.0000000;4089.0000000;56591
PLZL;D;20180920;0;4100.0000000;4152.0000000;4075.0000000;4075.0000000;100977
PLZL;D;20180921;0;4077.0000000;4129.0000000;4070.0000000;4122.0000000;115738
PLZL;D;20180924;0;4122.0000000;4165.0000000;4055.0000000;4060.0000000;46921
PLZL;D;20180925;0;4079.0000000;4085.0000000;4053.0000000;4053.0000000;74393
PLZL;D;20180926;0;4066.0000000;4092.0000000;3928.0000000;4048.0000000;66412
PLZL;D;20180927;0;4050.0000000;4094.0000000;4014.0000000;4094.0000000;31906
PLZL;D;20180928;0;4089.0000000;4128.0000000;4033.0000000;4128.0000000;49262
PLZL;D;20181001;0;4108.0000000;4129.0000000;4072.0000000;4090.0000000;22271
PLZL;D;20181002;0;4093.0000000;4157.0000000;4071.0000000;4145.0000000;55379
PLZL;D;20181003;0;4149.0000000;4236.0000000;4149.0000000;4180.0000000;62960
PLZL;D;20181004;0;4167.0000000;4197.0000000;4136.0000000;4170.0000000;44296
PLZL;D;20181005;0;4170.0000000;4194.0000000;4111.0000000;4150.0000000;34975
PLZL;D;20181008;0;4189.0000000;4205.0000000;4152.0000000;4152.0000000;26138
PLZL;D;20181009;0;4142.0000000;4180.0000000;4131.0000000;4140.0000000;17436
PLZL;D;20181010;0;4138.0000000;4180.0000000;4090.0000000;4110.0000000;21278
PLZL;D;20181011;0;4085.0000000;4249.0000000;4060.0000000;4222.0000000;74554
PLZL;D;20181012;0;4240.0000000;4288.0000000;4153.0000000;4240.0000000;63075
PLZL;D;20181015;0;4250.0000000;4250.0000000;4204.0000000;4204.0000000;32608
PLZL;D;20181016;0;4249.0000000;4350.0000000;4234.0000000;4316.0000000;88930
PLZL;D;20181017;0;4219.0000000;4350.0000000;4218.0000000;4350.0000000;56724
PLZL;D;20181018;0;4324.0000000;4350.0000000;4268.0000000;4314.0000000;32690
PLZL;D;20181019;0;4326.0000000;4361.0000000;4270.0000000;4300.0000000;64208
PLZL;D;20181022;0;4300.0000000;4315.0000000;4205.0000000;4213.0000000;37041
PLZL;D;20181023;0;4215.0000000;4329.0000000;4125.0000000;4239.0000000;44028
PLZL;D;20181024;0;4252.0000000;4276.0000000;4165.0000000;4165.0000000;56927
PLZL;D;20181025;0;4134.0000000;4262.0000000;4134.0000000;4180.0000000;66013
PLZL;D;20181026;0;4158.0000000;4187.0000000;4087.0000000;4137.0000000;81338
PLZL;D;20181029;0;4136.0000000;4220.0000000;4112.0000000;4200.0000000;34198
PLZL;D;20181030;0;4170.0000000;4194.0000000;4099.0000000;4099.0000000;50174
PLZL;D;20181031;0;4105.0000000;4152.0000000;4076.0000000;4152.0000000;46251
PLZL;D;20181101;0;4137.0000000;4155.0000000;4111.0000000;4148.5000000;39447
PLZL;D;20181102;0;4150.0000000;4200.5000000;4150.0000000;4185.0000000;31152
PLZL;D;20181106;0;4185.0000000;4233.5000000;4175.0000000;4214.0000000;41528
PLZL;D;20181107;0;4225.5000000;4258.5000000;4152.0000000;4247.0000000;64556
PLZL;D;20181108;0;4250.0000000;4260.0000000;4195.5000000;4260.0000000;48687
PLZL;D;20181109;0;4230.0000000;4356.0000000;4219.0000000;4356.0000000;39072
PLZL;D;20181112;0;4337.0000000;4370.0000000;4314.0000000;4330.0000000;28781
PLZL;D;20181113;0;4329.0000000;4370.0000000;4283.0000000;4323.5000000;26495
PLZL;D;20181114;0;4340.0000000;4409.5000000;4304.5000000;4400.0000000;42270
PLZL;D;20181115;0;4400.0000000;4430.0000000;4329.5000000;4329.5000000;46707
PLZL;D;20181116;0;4333.5000000;4377.5000000;4295.0000000;4295.0000000;26698
PLZL;D;20181119;0;4322.5000000;4485.0000000;4307.0000000;4480.0000000;54480
PLZL;D;20181120;0;4454.0000000;4478.5000000;4377.0000000;4450.0000000;36085
PLZL;D;20181121;0;4401.0000000;4589.0000000;4386.0000000;4550.0000000;77786
PLZL;D;20181122;0;4559.0000000;4777.0000000;4519.0000000;4689.0000000;96979
PLZL;D;20181123;0;4651.5000000;4749.0000000;4555.0000000;4732.0000000;42561
PLZL;D;20181126;0;4690.5000000;4777.0000000;4451.5000000;4752.0000000;71588
PLZL;D;20181127;0;4709.0000000;4771.5000000;4675.0000000;4700.0000000;64891
PLZL;D;20181128;0;4661.0000000;4744.0000000;4630.0000000;4688.5000000;42355
PLZL;D;20181129;0;4688.0000000;4738.5000000;4665.5000000;4704.0000000;39677
PLZL;D;20181130;0;4703.0000000;4827.5000000;4691.5000000;4827.5000000;95903
PLZL;D;20181203;0;4820.0000000;4875.0000000;4660.0000000;4695.5000000;84411
PLZL;D;20181204;0;4705.0000000;4750.0000000;4680.5000000;4715.0000000;46095
PLZL;D;20181205;0;4702.0000000;4788.5000000;4690.0000000;4780.0000000;37808
PLZL;D;20181206;0;4760.0000000;4810.0000000;4715.0000000;4775.0000000;22682
PLZL;D;20181207;0;4765.0000000;4868.0000000;4753.5000000;4847.5000000;42177
PLZL;D;20181210;0;4849.5000000;5025.0000000;4834.5000000;5024.5000000;84799
PLZL;D;20181211;0;5025.0000000;5047.5000000;4825.5000000;4873.5000000;76868
PLZL;D;20181212;0;4844.0000000;4934.5000000;4770.0000000;4878.0000000;25328
PLZL;D;20181213;0;4900.5000000;5044.5000000;4875.0000000;4999.0000000;51222
PLZL;D;20181214;0;5000.0000000;5070.0000000;4922.5000000;4991.5000000;49771
PLZL;D;20181217;0;4995.0000000;5045.5000000;4945.0000000;5024.5000000;26276
PLZL;D;20181218;0;5005.5000000;5088.0000000;4875.0000000;5053.0000000;58485
PLZL;D;20181219;0;5048.5000000;5213.5000000;5048.5000000;5175.5000000;78849
PLZL;D;20181220;0;5178.5000000;5275.0000000;4980.5000000;5167.0000000;115866
PLZL;D;20181221;0;5167.0000000;5300.0000000;5142.0000000;5300.0000000;111080
PLZL;D;20181224;0;5294.5000000;5399.0000000;5256.0000000;5300.0000000;35211
PLZL;D;20181225;0;5332.0000000;5374.5000000;5209.0000000;5219.0000000;16219
PLZL;D;20181226;0;5276.0000000;5276.0000000;5122.5000000;5200.0000000;20940
PLZL;D;20181227;0;5228.5000000;5380.0000000;5144.0000000;5298.5000000;50136
PLZL;D;20181228;0;5345.0000000;5410.5000000;5310.5000000;5392.0000000;34460
PLZL;D;20181229;0;5399.5000000;5399.5000000;5351.0000000;5399.0000000;3525
PLZL;D;20190103;0;5400.0000000;5468.0000000;5281.0000000;5299.5000000;27748
PLZL;D;20190104;0;5317.0000000;5349.0000000;5250.0000000;5286.5000000;34363
PLZL;D;20190108;0;5260.0000000;5260.0000000;5060.0000000;5134.5000000;45991
PLZL;D;20190109;0;5121.5000000;5275.0000000;5121.5000000;5275.0000000;38259
PLZL;D;20190110;0;5267.0000000;5414.0000000;5243.5000000;5414.0000000;61666
PLZL;D;20190111;0;5412.0000000;5416.0000000;5325.0000000;5416.0000000;49176
PLZL;D;20190114;0;5364.5000000;5412.5000000;5340.0000000;5372.5000000;40919
PLZL;D;20190115;0;5387.0000000;5409.0000000;5365.0000000;5365.0000000;27730
PLZL;D;20190116;0;5351.0000000;5395.5000000;5290.0000000;5339.5000000;44189
PLZL;D;20190117;0;5371.5000000;5442.0000000;5314.5000000;5400.0000000;40777
PLZL;D;20190118;0;5380.0000000;5407.0000000;5340.0000000;5370.0000000;38248
PLZL;D;20190121;0;5345.0000000;5391.0000000;5324.0000000;5330.0000000;21162
PLZL;D;20190122;0;5344.0000000;5398.0000000;5317.0000000;5398.0000000;44037
PLZL;D;20190123;0;5405.0000000;5437.5000000;5365.0000000;5400.0000000;32541
PLZL;D;20190124;0;5404.0000000;5412.0000000;5327.0000000;5359.0000000;49776
PLZL;D;20190125;0;5376.0000000;5395.0000000;5330.0000000;5390.0000000;40457
PLZL;D;20190128;0;5400.0000000;5409.0000000;5321.0000000;5371.5000000;28524
PLZL;D;20190129;0;5359.5000000;5600.0000000;5348.0000000;5550.0000000;52479
PLZL;D;20190130;0;5536.0000000;5574.5000000;5460.5000000;5548.0000000;44767
PLZL;D;20190131;0;5569.5000000;5678.0000000;5482.0000000;5494.0000000;66667
PLZL;D;20190201;0;5529.5000000;5529.5000000;5465.5000000;5521.5000000;45824
PLZL;D;20190204;0;5501.0000000;5532.0000000;5470.0000000;5490.5000000;20201
PLZL;D;20190205;0;5495.5000000;5526.5000000;5477.0000000;5526.5000000;25171
PLZL;D;20190206;0;5525.0000000;5555.0000000;5468.5000000;5530.0000000;46243
PLZL;D;20190207;0;5508.5000000;5527.5000000;5464.5000000;5475.5000000;36879
PLZL;D;20190208;0;5486.0000000;5522.5000000;5380.5000000;5440.0000000;49456
PLZL;D;20190211;0;5424.5000000;5468.0000000;5297.5000000;5300.0000000;54500
PLZL;D;20190212;0;5319.5000000;5370.0000000;5278.5000000;5300.0000000;52127
PLZL;D;20190213;0;5305.0000000;5325.0000000;5213.5000000;5213.5000000;61082
PLZL;D;20190214;0;5202.5000000;5359.0000000;5148.0000000;5320.0000000;65423
PLZL;D;20190215;0;5352.0000000;5403.5000000;5327.5000000;5344.5000000;66209
PLZL;D;20190218;0;5340.5000000;5449.5000000;5300.0000000;5430.5000000;99941
PLZL;D;20190219;0;5430.5000000;5488.0000000;5400.0000000;5445.0000000;49038
PLZL;D;20190220;0;5460.0000000;5478.0000000;5405.5000000;5445.0000000;62047
PLZL;D;20190221;0;5459.0000000;5459.5000000;5327.0000000;5370.0000000;85604
PLZL;D;20190222;0;5369.5000000;5398.0000000;5297.5000000;5360.0000000;57742
PLZL;D;20190225;0;5340.5000000;5376.5000000;5319.0000000;5373.0000000;25198
PLZL;D;20190226;0;5360.0000000;5489.0000000;5334.0000000;5445.0000000;202869
PLZL;D;20190227;0;5450.0000000;5494.0000000;5410.5000000;5450.0000000;106649
PLZL;D;20190228;0;5409.0000000;5470.0000000;5342.0000000;5470.0000000;92871
PLZL;D;20190301;0;5460.0000000;5460.0000000;5350.0000000;5350.5000000;48225
PLZL;D;20190304;0;5362.0000000;5372.0000000;5092.0000000;5092.0000000;72327
PLZL;D;20190305;0;5092.5000000;5184.0000000;5020.0000000;5139.5000000;68805
PLZL;D;20190306;0;5140.0000000;5296.5000000;5139.5000000;5205.5000000;53352
PLZL;D;20190307;0;5206.0000000;5256.0000000;5128.0000000;5200.0000000;33206
PLZL;D;20190311;0;5229.5000000;5282.5000000;5176.5000000;5235.0000000;76309
PLZL;D;20190312;0;5237.5000000;5325.0000000;5220.5000000;5325.0000000;65093
PLZL;D;20190313;0;5320.0000000;5445.0000000;5292.0000000;5444.5000000;121295
PLZL;D;20190314;0;5426.5000000;5482.0000000;5420.0000000;5468.0000000;70557
PLZL;D;20190315;0;5480.0000000;5490.0000000;5343.5000000;5343.5000000;201290
PLZL;D;20190318;0;5399.5000000;5589.0000000;5390.0000000;5460.5000000;79845
PLZL;D;20190319;0;5492.0000000;5496.0000000;5433.0000000;5493.0000000;34885
PLZL;D;20190320;0;5494.0000000;5499.5000000;5310.5000000;5342.0000000;139040
PLZL;D;20190321;0;5364.0000000;5485.0000000;5360.0000000;5394.0000000;68337
PLZL;D;20190322;0;5400.0000000;5420.0000000;5372.0000000;5393.5000000;35964
PLZL;D;20190325;0;5396.0000000;5396.0000000;5257.5000000;5260.0000000;42301
PLZL;D;20190326;0;5260.0000000;5434.0000000;5249.5000000;5434.0000000;96336
PLZL;D;20190327;0;5413.5000000;5433.5000000;5379.5000000;5410.0000000;49566
PLZL;D;20190328;0;5420.0000000;5439.5000000;5375.0000000;5416.5000000;29431
PLZL;D;20190329;0;5410.5000000;5439.5000000;5357.0000000;5437.0000000;37531
PLZL;D;20190401;0;5417.5000000;5460.0000000;5400.0000000;5421.5000000;24659
PLZL;D;20190402;0;5442.0000000;5485.0000000;5405.0000000;5480.0000000;16347
PLZL;D;20190403;0;5459.5000000;5469.5000000;5206.0000000;5320.0000000;376906
PLZL;D;20190404;0;5231.5000000;5257.0000000;5081.5000000;5100.0000000;757481
PLZL;D;20190405;0;5139.5000000;5153.5000000;5093.5000000;5096.0000000;131502
PLZL;D;20190408;0;5130.0000000;5153.5000000;5111.0000000;5141.0000000;413571
PLZL;D;20190409;0;5154.0000000;5175.0000000;5062.0000000;5092.0000000;148855
PLZL;D;20190410;0;5070.0000000;5091.0000000;4972.0000000;4990.0000000;207864
PLZL;D;20190411;0;4995.0000000;5013.5000000;4902.5000000;4930.0000000;122090
PLZL;D;20190412;0;4930.0000000;4986.0000000;4915.0000000;4950.0000000;55689
PLZL;D;20190415;0;4941.0000000;4947.5000000;4835.0000000;4835.0000000;131081
PLZL;D;20190416;0;4860.0000000;4954.0000000;4841.0000000;4922.0000000;153597
PLZL;D;20190417;0;4952.0000000;4982.0000000;4927.0000000;4950.0000000;73855
PLZL;D;20190418;0;4940.0000000;4982.0000000;4930.5000000;4982.0000000;75529
PLZL;D;20190419;0;4981.5000000;5019.0000000;4967.5000000;5000.0000000;19717
PLZL;D;20190422;0;5014.5000000;5055.0000000;4982.5000000;5049.0000000;39942
PLZL;D;20190423;0;5049.0000000;5060.5000000;4901.0000000;4905.0000000;90647
PLZL;D;20190424;0;4910.0000000;4970.0000000;4900.0000000;4965.0000000;78912
PLZL;D;20190425;0;4960.0000000;4983.0000000;4940.0000000;4957.0000000;52444
PLZL;D;20190426;0;4960.5000000;5073.5000000;4944.5000000;5060.0000000;78354
PLZL;D;20190429;0;5057.0000000;5084.0000000;5031.5000000;5052.5000000;42475
PLZL;D;20190430;0;5051.0000000;5094.0000000;5037.5000000;5037.5000000;48878
PLZL;D;20190502;0;5035.0000000;5060.5000000;4984.0000000;5040.0000000;16898
PLZL;D;20190503;0;5034.0000000;5085.0000000;5013.5000000;5050.0000000;28384
PLZL;D;20190506;0;5050.0000000;5095.0000000;5006.5000000;5055.0000000;33558
PLZL;D;20190507;0;5074.0000000;5085.5000000;5021.0000000;5033.0000000;40127
PLZL;D;20190508;0;5041.5000000;5068.5000000;5019.0000000;5019.0000000;46222
PLZL;D;20190510;0;5047.5000000;5057.0000000;4981.5000000;4990.0000000;33208
PLZL;D;20190513;0;5013.0000000;5050.0000000;5001.0000000;5001.0000000;67239
PLZL;D;20190514;0;5042.5000000;5044.0000000;5004.0000000;5018.0000000;121629
PLZL;D;20190515;0;4973.0000000;4973.0000000;4908.0000000;4950.0000000;71665
PLZL;D;20190516;0;4960.0000000;4976.0000000;4924.5000000;4930.0000000;45455
PLZL;D;20190517;0;4928.5000000;4940.0000000;4844.0000000;4844.5000000;78835
PLZL;D;20190520;0;4860.0000000;4874.0000000;4760.0000000;4773.0000000;66953
PLZL;D;20190521;0;4795.0000000;4862.0000000;4794.0000000;4833.0000000;47254
PLZL;D;20190522;0;4856.5000000;4915.5000000;4823.5000000;4906.0000000;48644
PLZL;D;20190523;0;4895.0000000;4972.0000000;4891.0000000;4972.0000000;85708
PLZL;D;20190524;0;4975.0000000;5001.5000000;4943.0000000;4985.0000000;55232
PLZL;D;20190527;0;4987.5000000;4995.0000000;4941.5000000;4985.5000000;15987
PLZL;D;20190528;0;4985.0000000;5010.0000000;4956.0000000;4970.0000000;185250
PLZL;D;20190529;0;4969.0000000;5053.0000000;4963.5000000;5053.0000000;94496
PLZL;D;20190530;0;5067.0000000;5083.0000000;5036.5000000;5075.0000000;58246
PLZL;D;20190531;0;5065.0000000;5170.5000000;5060.5000000;5170.5000000;150481
PLZL;D;20190603;0;5180.0000000;5249.5000000;5175.0000000;5244.0000000;119750
PLZL;D;20190604;0;5250.0000000;5269.5000000;5216.0000000;5269.5000000;60460
PLZL;D;20190605;0;5270.0000000;5328.0000000;5260.0000000;5323.0000000;61049
PLZL;D;20190606;0;5316.5000000;5345.5000000;5280.0000000;5326.0000000;48022
PLZL;D;20190607;0;5311.5000000;5460.0000000;5305.0000000;5460.0000000;120582
PLZL;D;20190610;0;5440.0000000;5491.5000000;5330.5000000;5485.0000000;200661
PLZL;D;20190611;0;5465.0000000;5576.0000000;5464.5000000;5576.0000000;147484
PLZL;D;20190613;0;5575.0000000;5637.0000000;5552.5000000;5580.0000000;229080
PLZL;D;20190614;0;5585.0000000;5740.0000000;5585.0000000;5721.0000000;218233
PLZL;D;20190617;0;5749.0000000;5791.0000000;5600.0000000;5600.0000000;112986
PLZL;D;20190618;0;5618.0000000;5729.5000000;5610.0000000;5646.0000000;184801
PLZL;D;20190619;0;5650.0000000;5726.0000000;5487.0000000;5560.0000000;96340
PLZL;D;20190620;0;5650.0000000;5692.0000000;5610.0000000;5638.5000000;183242
PLZL;D;20190621;0;5646.5000000;5808.5000000;5612.5000000;5805.5000000;152187
PLZL;D;20190624;0;5799.5000000;5973.5000000;5747.5000000;5931.0000000;109112
PLZL;D;20190625;0;5947.0000000;5989.5000000;5885.0000000;5931.0000000;90880
PLZL;D;20190626;0;5909.0000000;5964.5000000;5825.5000000;5896.0000000;90802
PLZL;D;20190627;0;5874.0000000;5924.5000000;5801.0000000;5836.0000000;80245
PLZL;D;20190628;0;5837.5000000;5869.5000000;5764.5000000;5828.0000000;63233
PLZL;D;20190701;0;5798.0000000;5809.5000000;5650.0000000;5695.0000000;183772
PLZL;D;20190702;0;5675.0000000;5848.0000000;5675.0000000;5848.0000000;114959
PLZL;D;20190703;0;5900.0000000;6058.0000000;5853.5000000;6029.0000000;194303
PLZL;D;20190704;0;6030.0000000;6114.5000000;5958.0000000;6108.5000000;65088
PLZL;D;20190705;0;6100.5000000;6284.0000000;6064.0000000;6200.0000000;214330
PLZL;D;20190708;0;6218.0000000;6269.5000000;6188.5000000;6225.0000000;84735
PLZL;D;20190709;0;6190.0000000;6259.5000000;6174.0000000;6209.0000000;92239
PLZL;D;20190710;0;6265.0000000;6357.5000000;6150.5000000;6293.0000000;141847
PLZL;D;20190711;0;6337.0000000;6361.5000000;6165.0000000;6225.0000000;128763
PLZL;D;20190712;0;6250.0000000;6400.0000000;6132.5000000;6316.0000000;170671
PLZL;D;20190715;0;6325.0000000;6343.0000000;6258.0000000;6300.0000000;56647
PLZL;D;20190716;0;6299.5000000;6397.0000000;6287.5000000;6371.5000000;52996
PLZL;D;20190717;0;6355.0000000;6398.0000000;6308.0000000;6385.0000000;47018
PLZL;D;20190718;0;6393.0000000;6430.0000000;6333.5000000;6413.0000000;39060
PLZL;D;20190719;0;6436.0000000;6499.5000000;6413.0000000;6472.0000000;62988
PLZL;D;20190722;0;6522.0000000;6550.0000000;6450.5000000;6476.0000000;87322
PLZL;D;20190723;0;6446.5000000;6451.5000000;6201.0000000;6400.0000000;119150
PLZL;D;20190724;0;6400.0000000;6427.0000000;6315.5000000;6416.0000000;56176
PLZL;D;20190725;0;6412.5000000;6490.0000000;6362.5000000;6490.0000000;63736
PLZL;D;20190726;0;6485.0000000;6495.0000000;6341.5000000;6412.5000000;72980
PLZL;D;20190729;0;6411.5000000;6485.0000000;6380.0000000;6467.5000000;28479
PLZL;D;20190730;0;6486.0000000;6501.0000000;6451.5000000;6500.0000000;30543
PLZL;D;20190731;0;6499.0000000;6500.0000000;6460.0000000;6460.0000000;54089
PLZL;D;20190801;0;6433.0000000;6465.5000000;6374.5000000;6431.0000000;55509
PLZL;D;20190802;0;6440.5000000;6582.0000000;6436.5000000;6510.0000000;119898
PLZL;D;20190805;0;6559.0000000;6890.0000000;6547.5000000;6844.5000000;211856
PLZL;D;20190806;0;6900.0000000;6986.5000000;6782.0000000;6791.5000000;184045
PLZL;D;20190807;0;6840.0000000;6979.5000000;6827.5000000;6944.0000000;113269
PLZL;D;20190808;0;6949.0000000;6967.0000000;6880.5000000;6897.5000000;79885
PLZL;D;20190809;0;6932.5000000;7035.5000000;6911.5000000;7010.0000000;119672
PLZL;D;20190812;0;7009.5000000;7116.5000000;6971.5000000;7090.0000000;131723
PLZL;D;20190813;0;7187.5000000;7199.5000000;6886.0000000;7024.0000000;237621
PLZL;D;20190814;0;6958.5000000;7249.0000000;6951.5000000;7194.0000000;146728
PLZL;D;20190815;0;7222.0000000;7300.0000000;7161.0000000;7254.0000000;143316
PLZL;D;20190816;0;7254.0000000;7265.0000000;7093.5000000;7130.0000000;174939
PLZL;D;20190819;0;7130.0000000;7250.0000000;7068.0000000;7200.0000000;222340
PLZL;D;20190820;0;7218.5000000;7350.0000000;7218.0000000;7314.0000000;168202
PLZL;D;20190821;0;7340.0000000;7340.5000000;7188.5000000;7244.0000000;146518
PLZL;D;20190822;0;7260.0000000;7270.0000000;7100.0000000;7236.0000000;196441
PLZL;D;20190823;0;7252.0000000;7308.0000000;7181.5000000;7280.0000000;130034
PLZL;D;20190826;0;7330.0000000;7490.0000000;7314.5000000;7485.0000000;153102
PLZL;D;20190827;0;7480.0000000;7623.5000000;7452.0000000;7574.0000000;235976
PLZL;D;20190828;0;7574.5000000;7578.5000000;7443.0000000;7510.0000000;105245
PLZL;D;20190829;0;7535.0000000;7600.0000000;7508.5000000;7524.0000000;106027
PLZL;D;20190830;0;7511.0000000;7665.0000000;7464.5000000;7665.0000000;176906
PLZL;D;20190902;0;7670.0000000;7672.0000000;7550.5000000;7600.0000000;67365
PLZL;D;20190903;0;7599.5000000;7647.0000000;7551.0000000;7618.5000000;61349
PLZL;D;20190904;0;7630.0000000;7638.5000000;7506.5000000;7573.5000000;137430
PLZL;D;20190905;0;7594.5000000;7600.0000000;7352.5000000;7400.0000000;134417
PLZL;D;20190906;0;7372.0000000;7525.0000000;6527.0000000;7470.0000000;231863
PLZL;D;20190909;0;7469.0000000;7480.0000000;7279.5000000;7383.0000000;96340
PLZL;D;20190910;0;7340.0000000;7370.0000000;7258.0000000;7301.0000000;117954
PLZL;D;20190911;0;7287.0000000;7448.0000000;7216.5000000;7440.0000000;144615
PLZL;D;20190912;0;7436.0000000;7507.5000000;7380.0000000;7500.0000000;93329
PLZL;D;20190913;0;7507.5000000;7622.0000000;7400.0000000;7457.5000000;101424
PLZL;D;20190916;0;7454.0000000;7809.0000000;7434.5000000;7636.0000000;132759
PLZL;D;20190917;0;7636.0000000;7750.0000000;7582.0000000;7734.0000000;86854
PLZL;D;20190918;0;7768.0000000;7800.0000000;7720.5000000;7784.5000000;102804
PLZL;D;20190919;0;7756.5000000;7768.5000000;7702.5000000;7731.0000000;63778
PLZL;D;20190920;0;7733.5000000;7799.0000000;7661.0000000;7770.0000000;83497
PLZL;D;20190923;0;7770.0000000;7790.5000000;7593.0000000;7640.0000000;91864
PLZL;D;20190924;0;7656.5000000;7737.0000000;7647.5000000;7720.5000000;57078
PLZL;D;20190925;0;7727.0000000;7833.0000000;7718.0000000;7778.5000000;74419
PLZL;D;20190926;0;7779.0000000;7790.0000000;7684.0000000;7775.0000000;60477
PLZL;D;20190927;0;7773.0000000;7792.5000000;7500.0000000;7561.5000000;114109
PLZL;D;20190930;0;7600.0000000;7643.0000000;7426.5000000;7545.0000000;100963
PLZL;D;20191001;0;7502.5000000;7581.0000000;7412.5000000;7549.0000000;94915
PLZL;D;20191002;0;7544.5000000;7594.0000000;7451.0000000;7452.0000000;60494
PLZL;D;20191003;0;7500.0000000;7538.5000000;7421.0000000;7477.5000000;31393
PLZL;D;20191004;0;7503.5000000;7570.0000000;7462.5000000;7525.0000000;37397
PLZL;D;20191007;0;7538.0000000;7564.0000000;7473.0000000;7515.0000000;37063
PLZL;D;20191008;0;7499.5000000;7739.0000000;7483.5000000;7680.0000000;96251
PLZL;D;20191009;0;7541.5000000;7631.0000000;7540.0000000;7575.5000000;76804
PLZL;D;20191010;0;7585.0000000;7585.0000000;7482.5000000;7530.5000000;42624
PLZL;D;20191011;0;7510.0000000;7511.0000000;7224.0000000;7260.0000000;122591
PLZL;D;20191014;0;7300.0000000;7317.5000000;7116.0000000;7159.0000000;85370
PLZL;D;20191015;0;7160.0000000;7300.0000000;7026.0000000;7111.0000000;105588
PLZL;D;20191016;0;7110.0000000;7331.0000000;7097.5000000;7286.5000000;67626
PLZL;D;20191017;0;7287.5000000;7344.5000000;7100.0000000;7210.0000000;94925
PLZL;D;20191018;0;7210.5000000;7400.0000000;7171.0000000;7400.0000000;53862
PLZL;D;20191021;0;7374.0000000;7409.0000000;7156.0000000;7213.0000000;97188
PLZL;D;20191022;0;7214.0000000;7289.0000000;7086.0000000;7130.0000000;100639
PLZL;D;20191023;0;7159.5000000;7230.0000000;7112.0000000;7160.0000000;75067
PLZL;D;20191024;0;7150.5000000;7300.0000000;7118.0000000;7276.5000000;69359
PLZL;D;20191025;0;7294.0000000;7304.5000000;7164.0000000;7259.0000000;53724
PLZL;D;20191028;0;7214.5000000;7493.5000000;7214.5000000;7301.0000000;98235
PLZL;D;20191029;0;7300.0000000;7398.5000000;7246.5000000;7297.0000000;72653
PLZL;D;20191030;0;7305.5000000;7354.0000000;7170.0000000;7354.0000000;80881
PLZL;D;20191031;0;7362.5000000;7641.5000000;7346.5000000;7469.0000000;206041
PLZL;D;20191101;0;7470.0000000;7621.0000000;7400.0000000;7400.0000000;133685
PLZL;D;20191105;0;7451.0000000;7568.0000000;7325.0000000;7377.0000000;180308
PLZL;D;20191106;0;7363.0000000;7616.0000000;7363.0000000;7616.0000000;185389
PLZL;D;20191107;0;7599.5000000;7616.5000000;7402.0000000;7415.0000000;119187
PLZL;D;20191108;0;7345.5000000;7417.5000000;7140.0000000;7195.0000000;163914
PLZL;D;20191111;0;7197.0000000;7319.0000000;7158.0000000;7185.0000000;72523
PLZL;D;20191112;0;7180.0000000;7210.0000000;7003.5000000;7047.5000000;130772
PLZL;D;20191113;0;7068.0000000;7169.5000000;7060.0000000;7137.0000000;85419
PLZL;D;20191114;0;7148.0000000;7170.0000000;7040.0000000;7093.0000000;124357
PLZL;D;20191115;0;7056.5000000;7100.0000000;7005.0000000;7084.0000000;73784
PLZL;D;20191118;0;7078.5000000;7078.5000000;6930.0000000;7052.5000000;114015
PLZL;D;20191119;0;7052.0000000;7060.0000000;6957.0000000;6983.5000000;75767
PLZL;D;20191120;0;6986.0000000;7135.0000000;6986.0000000;7040.5000000;94295
PLZL;D;20191121;0;7022.0000000;7049.0000000;6814.5000000;6832.0000000;133474
PLZL;D;20191122;0;6870.0000000;6927.5000000;6835.5000000;6927.5000000;79962
PLZL;D;20191125;0;6900.5000000;6925.0000000;6780.0000000;6792.0000000;96778
PLZL;D;20191126;0;6780.5000000;6790.0000000;6666.0000000;6728.5000000;378774
PLZL;D;20191127;0;6705.0000000;6875.5000000;6703.5000000;6822.0000000;111084
PLZL;D;20191128;0;6783.0000000;6899.0000000;6770.5000000;6840.5000000;63043
PLZL;D;20191129;0;6830.0000000;6895.0000000;6821.5000000;6891.0000000;66026
PLZL;D;20191202;0;6882.0000000;6949.5000000;6874.5000000;6885.0000000;53217
PLZL;D;20191203;0;6870.0000000;7015.0000000;6828.0000000;6996.0000000;139272
PLZL;D;20191204;0;7000.5000000;7047.5000000;6933.5000000;6933.5000000;94435
PLZL;D;20191205;0;6944.5000000;6990.0000000;6833.0000000;6894.0000000;88364
PLZL;D;20191206;0;6890.0000000;6945.5000000;6725.0000000;6758.0000000;129581
PLZL;D;20191209;0;6765.0000000;6822.5000000;6720.0000000;6792.0000000;52834
PLZL;D;20191210;0;6792.0000000;6852.0000000;6740.5000000;6842.5000000;66862
PLZL;D;20191211;0;6838.0000000;7189.5000000;6796.0000000;7142.5000000;168114
PLZL;D;20191212;0;7159.5000000;7265.0000000;7080.0000000;7095.0000000;127168
PLZL;D;20191213;0;7035.5000000;7128.0000000;6957.5000000;6987.0000000;115878
PLZL;D;20191216;0;7002.0000000;7065.0000000;6986.5000000;7000.0000000;45064
PLZL;D;20191217;0;7024.5000000;7070.0000000;6866.0000000;6941.0000000;122998
PLZL;D;20191218;0;6932.0000000;6980.5000000;6889.5000000;6959.0000000;118338
PLZL;D;20191219;0;6963.0000000;6974.0000000;6850.0000000;6855.0000000;95895
PLZL;D;20191220;0;6870.0000000;6907.5000000;6771.5000000;6771.5000000;62741
PLZL;D;20191223;0;6796.5000000;6941.5000000;6780.5000000;6868.0000000;71509
PLZL;D;20191224;0;6900.0000000;6967.5000000;6892.0000000;6940.5000000;44340
PLZL;D;20191225;0;6970.0000000;6989.0000000;6937.0000000;6976.5000000;17842
PLZL;D;20191226;0;6987.0000000;7140.0000000;6965.0000000;7140.0000000;56664
PLZL;D;20191227;0;7111.0000000;7175.0000000;7101.0000000;7145.0000000;61269
PLZL;D;20191230;0;7145.0000000;7170.0000000;7025.0000000;7103.5000000;68173
PLZL;D;20200103;0;7177.0000000;7286.0000000;7157.5000000;7286.0000000;122107
PLZL;D;20200106;0;7370.5000000;7525.0000000;7359.5000000;7421.5000000;139445
PLZL;D;20200108;0;7530.0000000;7600.0000000;7456.5000000;7468.0000000;121353
PLZL;D;20200109;0;7434.5000000;7435.0000000;7240.0000000;7326.0000000;104241
PLZL;D;20200110;0;7326.0000000;7326.0000000;7185.0000000;7220.0000000;81808
PLZL;D;20200113;0;7195.0000000;7357.5000000;7162.0000000;7357.5000000;91459
PLZL;D;20200114;0;7328.5000000;7484.0000000;7275.0000000;7391.0000000;113449
PLZL;D;20200115;0;7409.0000000;7435.0000000;7321.0000000;7421.5000000;93669
PLZL;D;20200116;0;7421.5000000;7462.0000000;7335.0000000;7379.0000000;87310
PLZL;D;20200117;0;7378.0000000;7452.5000000;7352.5000000;7360.0000000;85033
PLZL;D;20200120;0;7371.0000000;7400.0000000;7354.0000000;7385.0000000;48118
PLZL;D;20200121;0;7420.0000000;7475.0000000;7302.0000000;7374.5000000;88445
PLZL;D;20200122;0;7374.5000000;7397.0000000;7307.5000000;7380.0000000;49891
PLZL;D;20200123;0;7382.0000000;7400.0000000;7330.0000000;7377.5000000;61975
PLZL;D;20200124;0;7389.5000000;7448.5000000;7343.0000000;7448.5000000;63054
PLZL;D;20200127;0;7500.5000000;7869.0000000;7500.0000000;7857.0000000;352576
PLZL;D;20200128;0;7856.0000000;7879.0000000;7710.5000000;7775.0000000;211511
PLZL;D;20200129;0;7750.0000000;7789.0000000;7608.0000000;7752.0000000;119710
PLZL;D;20200130;0;7770.0000000;7962.5000000;7770.0000000;7819.5000000;129810
PLZL;D;20200131;0;7794.0000000;7845.0000000;7701.0000000;7814.5000000;92492
PLZL;D;20200203;0;7821.5000000;7922.0000000;7622.5000000;7698.0000000;150279
PLZL;D;20200204;0;7680.5000000;7684.0000000;7459.0000000;7529.0000000;181013
PLZL;D;20200205;0;7550.5000000;7597.0000000;7340.5000000;7481.0000000;152262
PLZL;D;20200206;0;7460.5000000;7617.0000000;7415.0000000;7562.0000000;108073
PLZL;D;20200207;0;7568.5000000;7815.0000000;7501.0000000;7765.5000000;150270
PLZL;D;20200210;0;7805.0000000;7915.5000000;7770.5000000;7915.5000000;159813
PLZL;D;20200211;0;7869.5000000;7998.5000000;7833.5000000;7895.5000000;156715
PLZL;D;20200212;0;7885.0000000;7885.0000000;7717.0000000;7838.5000000;102828
PLZL;D;20200213;0;7893.0000000;7985.0000000;7882.0000000;7968.5000000;75198
PLZL;D;20200214;0;7945.0000000;8041.0000000;7850.0000000;8003.0000000;90180
PLZL;D;20200217;0;7998.0000000;8016.0000000;7883.0000000;7922.0000000;56215
PLZL;D;20200218;0;7979.5000000;8065.0000000;7945.5000000;8000.0000000;113137
PLZL;D;20200219;0;8068.5000000;8195.0000000;8038.5000000;8111.0000000;113233
PLZL;D;20200220;0;8130.0000000;8315.5000000;8104.5000000;8200.0000000;264359
PLZL;D;20200221;0;8300.0000000;8618.5000000;8273.0000000;8507.5000000;312609
PLZL;D;20200225;0;8755.0000000;9127.5000000;8690.5000000;8780.0000000;423391
PLZL;D;20200226;0;8828.0000000;9088.5000000;8600.0000000;8644.5000000;298543
PLZL;D;20200227;0;8944.0000000;8960.5000000;8725.0000000;8901.5000000;170836
PLZL;D;20200228;0;8968.0000000;8968.0000000;8260.0000000;8464.0000000;416036
PLZL;D;20200302;0;8556.5000000;8678.0000000;8258.5000000;8540.5000000;202501
PLZL;D;20200303;0;8475.0000000;8620.0000000;8271.0000000;8591.0000000;249693
PLZL;D;20200304;0;8652.0000000;8688.0000000;8470.0000000;8566.5000000;153663
PLZL;D;20200305;0;8594.0000000;8650.0000000;8321.0000000;8628.0000000;341689
PLZL;D;20200306;0;8708.0000000;9010.0000000;8693.5000000;8885.0000000;272850
PLZL;D;20200310;0;9000.5000000;9529.5000000;9000.5000000;9381.5000000;381956
PLZL;D;20200311;0;9480.0000000;9480.0000000;9220.0000000;9372.5000000;175500
PLZL;D;20200312;0;9345.0000000;9460.0000000;8702.0000000;8970.0000000;359751
PLZL;D;20200313;0;8823.5000000;9138.0000000;8721.0000000;8744.5000000;298653
PLZL;D;20200316;0;8880.5000000;9181.0000000;7650.0000000;7954.0000000;488513
PLZL;D;20200317;0;7898.5000000;8344.0000000;7302.0000000;8121.0000000;416971
PLZL;D;20200318;0;7950.0000000;8809.0000000;7752.0000000;8383.5000000;357747
PLZL;D;20200319;0;8381.0000000;8532.0000000;7917.5000000;8456.5000000;354454
PLZL;D;20200320;0;8625.5000000;8799.5000000;8200.0000000;8495.5000000;354008
PLZL;D;20200323;0;8470.0000000;8603.0000000;8050.0000000;8423.0000000;267035
PLZL;D;20200324;0;8690.0000000;9544.0000000;8608.0000000;9520.5000000;321970
PLZL;D;20200325;0;9600.0000000;10095.5000000;9597.5000000;9995.0000000;319472
PLZL;D;20200326;0;10038.0000000;11088.5000000;10016.5000000;11047.5000000;358050
PLZL;D;20200327;0;11053.0000000;11053.0000000;10503.5000000;10820.5000000;197232
PLZL;D;20200330;0;10851.0000000;11295.0000000;10618.5000000;11172.5000000;236172
PLZL;D;20200331;0;11127.0000000;11484.0000000;10552.5000000;10637.5000000;344571
PLZL;D;20200401;0;10670.0000000;11089.0000000;9952.0000000;10038.0000000;318091
PLZL;D;20200402;0;10080.0000000;10476.0000000;9850.0000000;10354.5000000;324167
PLZL;D;20200403;0;10355.0000000;10456.0000000;10130.0000000;10394.5000000;160413
PLZL;D;20200406;0;10450.5000000;11000.0000000;10426.5000000;10818.5000000;205297
PLZL;D;20200407;0;11000.0000000;11111.0000000;10710.0000000;10970.0000000;137525
PLZL;D;20200408;0;10950.0000000;11070.0000000;10846.5000000;11050.5000000;161511
PLZL;D;20200409;0;11128.5000000;11324.0000000;10937.0000000;11260.5000000;215391
PLZL;D;20200410;0;11299.5000000;11500.0000000;11101.5000000;11401.0000000;110755
PLZL;D;20200413;0;11405.0000000;11645.0000000;11292.0000000;11525.0000000;123862
PLZL;D;20200414;0;11624.0000000;12358.0000000;11554.0000000;12150.0000000;377199
PLZL;D;20200415;0;11998.5000000;12164.5000000;11375.5000000;11472.5000000;296043
PLZL;D;20200416;0;11620.0000000;12139.0000000;11602.0000000;11940.0000000;273306
PLZL;D;20200417;0;11758.0000000;11888.0000000;11570.5000000;11685.0000000;233506
PLZL;D;20200420;0;11630.0000000;11675.0000000;11203.5000000;11635.0000000;259686
PLZL;D;20200421;0;11668.0000000;12000.0000000;11342.0000000;11794.5000000;308872
PLZL;D;20200422;0;11828.5000000;12500.0000000;11812.0000000;12209.0000000;353030
PLZL;D;20200423;0;12293.0000000;12488.5000000;11910.5000000;11951.0000000;408281
PLZL;D;20200424;0;12032.0000000;12245.0000000;11922.0000000;12095.0000000;164120
PLZL;D;20200427;0;12105.0000000;12347.5000000;12055.0000000;12081.0000000;188804
PLZL;D;20200428;0;12085.0000000;12172.0000000;11811.5000000;11916.5000000;253984
PLZL;D;20200429;0;11998.0000000;11998.0000000;11750.0000000;11935.5000000;197959
PLZL;D;20200430;0;12076.5000000;12110.0000000;11925.5000000;12110.0000000;151083
PLZL;D;20200504;0;12098.0000000;12350.0000000;11835.5000000;12023.0000000;190356
PLZL;D;20200505;0;11958.0000000;12040.0000000;11805.0000000;11832.0000000;111463
PLZL;D;20200506;0;11855.0000000;12043.0000000;11830.0000000;11920.5000000;126303
PLZL;D;20200507;0;11912.0000000;12032.0000000;11333.0000000;11839.0000000;142188
PLZL;D;20200508;0;11971.5000000;11985.0000000;11857.0000000;11973.0000000;76649
PLZL;D;20200512;0;11925.0000000;12047.0000000;11682.5000000;11979.0000000;164830
PLZL;D;20200513;0;12002.0000000;12390.0000000;11934.0000000;12295.0000000;245066
PLZL;D;20200514;0;12388.0000000;12490.0000000;12100.0000000;12350.0000000;143351
PLZL;D;20200515;0;12384.0000000;12444.5000000;12160.0000000;12306.0000000;124169
PLZL;D;20200518;0;12390.0000000;12738.0000000;12090.0000000;12257.0000000;264708
PLZL;D;20200519;0;12127.0000000;12257.0000000;11971.0000000;12110.0000000;202774
PLZL;D;20200520;0;12161.5000000;12269.5000000;11980.0000000;12073.5000000;183528
PLZL;D;20200521;0;11978.5000000;12044.0000000;11754.5000000;11925.0000000;137359
PLZL;D;20200522;0;12005.0000000;12088.5000000;11755.0000000;11814.5000000;136210
PLZL;D;20200525;0;11759.0000000;11982.0000000;11750.5000000;11975.0000000;59183
PLZL;D;20200526;0;12000.0000000;12000.0000000;11628.0000000;11628.0000000;147612
PLZL;D;20200527;0;11600.0000000;11620.0000000;11020.0000000;11262.5000000;302714
PLZL;D;20200528;0;11353.0000000;11424.5000000;11201.5000000;11340.0000000;189064
PLZL;D;20200529;0;11347.0000000;11701.0000000;11268.0000000;11673.0000000;655586
PLZL;D;20200601;0;11640.0000000;11686.5000000;11159.0000000;11400.0000000;171680
PLZL;D;20200602;0;11360.0000000;11426.0000000;11032.0000000;11142.0000000;212884
PLZL;D;20200603;0;11010.5000000;11029.0000000;10400.0000000;10567.0000000;422095
PLZL;D;20200604;0;10500.0000000;11036.0000000;10450.5000000;10688.5000000;395200
PLZL;D;20200605;0;10619.0000000;10620.5000000;10150.5000000;10246.0000000;311303
PLZL;D;20200608;0;10280.0000000;10302.5000000;9952.0000000;10149.0000000;330359
PLZL;D;20200609;0;10149.0000000;10680.0000000;10075.0000000;10465.0000000;363920
PLZL;D;20200610;0;10504.5000000;10790.0000000;10456.0000000;10589.5000000;267957
PLZL;D;20200611;0;10801.0000000;10970.0000000;10616.0000000;10888.0000000;337327
PLZL;D;20200615;0;10888.5000000;10893.0000000;10315.0000000;10520.0000000;249376
PLZL;D;20200616;0;10501.0000000;10642.5000000;10345.0000000;10345.0000000;178974
PLZL;D;20200617;0;10399.5000000;10749.5000000;10395.0000000;10742.0000000;247843
PLZL;D;20200618;0;10753.0000000;10915.0000000;10670.0000000;10850.0000000;218649
PLZL;D;20200619;0;10873.0000000;11193.5000000;10802.0000000;11067.5000000;359365
PLZL;D;20200622;0;11167.5000000;11478.0000000;11095.5000000;11336.5000000;257072
PLZL;D;20200623;0;11327.0000000;11640.5000000;11234.0000000;11583.5000000;199806
PLZL;D;20200625;0;11550.0000000;11792.5000000;11508.5000000;11673.0000000;246993
PLZL;D;20200626;0;11690.0000000;11835.0000000;11628.0000000;11738.5000000;142146
PLZL;D;20200629;0;11740.0000000;12010.0000000;11718.0000000;11890.0000000;218926
PLZL;D;20200630;0;11900.0000000;12072.0000000;11851.0000000;11970.0000000;172893
PLZL;D;20200702;0;11940.0000000;12000.0000000;11780.0000000;11974.0000000;207771
PLZL;D;20200703;0;11970.0000000;12284.0000000;11933.5000000;12220.0000000;170522
PLZL;D;20200706;0;12223.5000000;12600.0000000;12125.0000000;12491.0000000;209270
PLZL;D;20200707;0;12470.0000000;12722.0000000;12453.0000000;12707.0000000;174700
PLZL;D;20200708;0;12710.0000000;12961.0000000;12556.0000000;12914.0000000;236545
PLZL;D;20200709;0;12950.0000000;13394.0000000;12921.0000000;13280.0000000;327063
PLZL;D;20200710;0;13240.5000000;13729.5000000;13056.0000000;13170.5000000;328950
PLZL;D;20200713;0;13266.0000000;13373.5000000;12765.0000000;12852.0000000;211115
PLZL;D;20200714;0;12880.0000000;12930.0000000;12366.0000000;12819.5000000;264602
PLZL;D;20200715;0;12840.0000000;13320.0000000;12825.5000000;13270.0000000;250004
PLZL;D;20200716;0;13222.5000000;13536.0000000;12940.0000000;13168.0000000;318394
PLZL;D;20200717;0;13150.0000000;13320.0000000;13105.5000000;13225.0000000;139847
PLZL;D;20200720;0;13242.0000000;13426.0000000;13121.5000000;13342.0000000;144342
PLZL;D;20200721;0;13401.0000000;13629.5000000;13251.0000000;13484.5000000;151627
PLZL;D;20200722;0;13554.0000000;13944.0000000;13503.5000000;13920.0000000;188127
PLZL;D;20200723;0;13973.0000000;14600.0000000;13921.0000000;14498.0000000;294969
PLZL;D;20200724;0;14533.5000000;15274.5000000;14452.0000000;15265.0000000;340788
PLZL;D;20200727;0;15570.0000000;17490.0000000;15477.0000000;17248.0000000;619066
PLZL;D;20200728;0;17096.5000000;17097.5000000;16028.0000000;16580.0000000;562893
PLZL;D;20200729;0;16689.0000000;17094.5000000;16215.0000000;16650.0000000;392922
PLZL;D;20200730;0;16365.0000000;16430.0000000;16075.0000000;16240.0000000;221770
PLZL;D;20200731;0;16582.5000000;17079.5000000;16466.0000000;16949.0000000;368406
PLZL;D;20200803;0;17027.0000000;17185.0000000;16720.0000000;16850.0000000;187902
PLZL;D;20200804;0;16831.5000000;17420.0000000;16707.5000000;17380.5000000;229153
PLZL;D;20200805;0;17455.0000000;18500.0000000;17450.5000000;18169.5000000;497553
PLZL;D;20200806;0;18351.5000000;18773.0000000;18023.0000000;18592.0000000;321546
PLZL;D;20200807;0;18440.5000000;18564.5000000;17755.0000000;18067.5000000;481904
PLZL;D;20200810;0;18000.0000000;18123.5000000;17710.0000000;17753.0000000;243131
PLZL;D;20200811;0;17292.0000000;17599.5000000;16750.0000000;16834.0000000;443190
PLZL;D;20200812;0;16829.0000000;17595.0000000;16526.0000000;17301.5000000;386745
PLZL;D;20200813;0;17313.0000000;17630.0000000;17122.0000000;17460.0000000;218244
PLZL;D;20200814;0;17350.0000000;17563.0000000;17183.5000000;17419.0000000;154802
PLZL;D;20200817;0;17530.0000000;18280.5000000;17517.0000000;18152.5000000;268590
PLZL;D;20200818;0;18338.5000000;18659.0000000;17887.0000000;17948.0000000;329293
PLZL;D;20200819;0;17894.0000000;18170.0000000;17560.5000000;17633.0000000;247034
PLZL;D;20200820;0;17788.0000000;17899.0000000;17317.0000000;17830.0000000;176667
PLZL;D;20200821;0;17762.5000000;17917.0000000;17420.0000000;17686.0000000;161661
PLZL;D;20200824;0;17744.0000000;18186.5000000;17588.0000000;17966.0000000;170111
PLZL;D;20200825;0;17986.5000000;18127.0000000;17820.5000000;17985.5000000;97542
PLZL;D;20200826;0;17930.5000000;18444.0000000;17800.5000000;18344.5000000;201920
PLZL;D;20200827;0;18182.5000000;18470.0000000;18077.5000000;18170.0000000;173264
PLZL;D;20200828;0;18275.0000000;18442.0000000;18052.0000000;18366.0000000;231135
PLZL;D;20200831;0;18400.5000000;18404.5000000;17890.5000000;18085.5000000;227714
PLZL;D;20200901;0;18201.0000000;18765.0000000;17707.5000000;17868.0000000;296455
PLZL;D;20200902;0;17800.0000000;17869.0000000;17253.5000000;17529.5000000;238949
PLZL;D;20200903;0;17352.0000000;17444.5000000;16763.5000000;16951.0000000;329840
PLZL;D;20200904;0;16967.5000000;17380.0000000;16928.5000000;17266.0000000;217906
PLZL;D;20200907;0;17249.5000000;17646.5000000;17233.5000000;17431.0000000;158923
PLZL;D;20200908;0;17481.0000000;17527.0000000;16820.5000000;17023.0000000;211831
PLZL;D;20200909;0;17014.5000000;17074.0000000;16518.0000000;16735.0000000;253293
PLZL;D;20200910;0;16723.0000000;16998.0000000;16607.0000000;16806.5000000;204285
PLZL;D;20200911;0;16820.0000000;17395.0000000;16762.0000000;17067.0000000;238264
PLZL;D;20200914;0;17075.0000000;17122.0000000;16778.0000000;16950.0000000;187091
PLZL;D;20200915;0;16978.5000000;17073.0000000;16776.0000000;16943.0000000;161086
PLZL;D;20200916;0;16937.0000000;17413.0000000;16886.0000000;17270.0000000;245696
PLZL;D;20200917;0;16342.5000000;17367.0000000;16280.0000000;16947.0000000;294750
PLZL;D;20200918;0;17075.0000000;17161.0000000;16789.5000000;16930.0000000;256556
PLZL;D;20200921;0;16945.0000000;16995.5000000;15902.0000000;16460.0000000;205985
PLZL;D;20200922;0;16400.0000000;16676.5000000;16126.0000000;16285.0000000;200069
PLZL;D;20200923;0;16100.0000000;16531.0000000;15800.0000000;16309.5000000;210996
PLZL;D;20200924;0;16200.0000000;16423.5000000;15870.5000000;16335.0000000;214261
PLZL;D;20200925;0;16397.5000000;16585.0000000;16161.0000000;16335.5000000;128849
PLZL;D;20200928;0;16325.5000000;16645.0000000;16224.5000000;16423.5000000;148271
PLZL;D;20200929;0;16499.0000000;16699.5000000;16273.0000000;16658.0000000;118297
PLZL;D;20200930;0;16550.0000000;16586.5000000;16247.5000000;16250.5000000;134682
PLZL;D;20201001;0;16346.5000000;16515.5000000;16125.0000000;16352.0000000;121486
PLZL;D;20201002;0;16494.5000000;16862.0000000;16369.5000000;16737.0000000;173608
PLZL;D;20201005;0;16685.5000000;17037.0000000;16475.0000000;16962.5000000;129163
PLZL;D;20201006;0;16962.5000000;16977.5000000;16400.0000000;16401.0000000;162644
PLZL;D;20201007;0;16509.0000000;16661.0000000;16425.0000000;16566.0000000;90880
PLZL;D;20201008;0;16636.0000000;16968.5000000;16551.0000000;16883.0000000;177604
PLZL;D;20201009;0;16950.0000000;17063.0000000;16780.0000000;16981.5000000;120227
PLZL;D;20201012;0;17005.5000000;17036.0000000;16715.0000000;16850.0000000;123969
PLZL;D;20201013;0;16789.5000000;16855.0000000;16615.0000000;16655.0000000;67071
PLZL;D;20201014;0;16690.0000000;17470.5000000;16690.0000000;17430.0000000;249833
PLZL;D;20201015;0;17364.0000000;17396.0000000;17085.5000000;17318.5000000;158801
PLZL;D;20201016;0;17380.0000000;17538.0000000;17255.0000000;17399.5000000;172667
PLZL;D;20201019;0;17287.0000000;17382.5000000;17149.0000000;17268.5000000;72404
PLZL;D;20201020;0;17229.5000000;17248.5000000;17037.0000000;17130.0000000;84181
PLZL;D;20201021;0;17160.0000000;17218.0000000;16667.5000000;16800.5000000;125444
PLZL;D;20201022;0;16815.5000000;17049.0000000;16620.0000000;16768.5000000;155704
PLZL;D;20201023;0;16827.0000000;16844.5000000;16316.0000000;16527.0000000;97600
PLZL;D;20201026;0;16470.0000000;16568.5000000;16078.0000000;16141.5000000;96842
PLZL;D;20201027;0;16116.5000000;16543.5000000;16055.5000000;16499.0000000;100303
PLZL;D;20201028;0;16474.5000000;16497.5000000;15455.5000000;15935.0000000;201447
PLZL;D;20201029;0;16010.0000000;16279.0000000;15421.0000000;15601.0000000;137418
PLZL;D;20201030;0;15520.0000000;15600.0000000;15127.0000000;15536.5000000;161961
PLZL;D;20201102;0;15598.0000000;16340.0000000;15524.5000000;16319.0000000;148940
PLZL;D;20201103;0;16250.5000000;16670.5000000;16235.5000000;16670.5000000;172461
PLZL;D;20201105;0;16710.0000000;17265.0000000;16610.0000000;17195.0000000;215530
PLZL;D;20201106;0;17118.0000000;17750.0000000;17056.5000000;17697.5000000;223805
PLZL;D;20201109;0;17830.0000000;18027.0000000;15802.5000000;16615.0000000;584329
PLZL;D;20201110;0;16615.0000000;16749.0000000;16010.0000000;16432.5000000;323475
PLZL;D;20201111;0;16426.5000000;16482.5000000;15464.5000000;15880.0000000;364549
PLZL;D;20201112;0;15800.0000000;16335.0000000;15650.0000000;16033.0000000;304973
PLZL;D;20201113;0;15964.0000000;16480.0000000;15825.5000000;16295.5000000;217758
PLZL;D;20201116;0;16203.0000000;16349.0000000;15907.5000000;16035.0000000;225029
PLZL;D;20201117;0;15990.0000000;16024.5000000;15730.5000000;15790.5000000;165571
PLZL;D;20201118;0;15749.5000000;15875.0000000;15608.0000000;15770.5000000;128953
PLZL;D;20201119;0;15719.5000000;15736.5000000;15440.5000000;15490.0000000;217097
PLZL;D;20201120;0;15445.0000000;15530.0000000;15315.0000000;15410.0000000;160490
PLZL;D;20201123;0;15437.0000000;15469.5000000;14454.5000000;14785.0000000;403332
PLZL;D;20201124;0;14600.0000000;15343.5000000;14362.0000000;14630.0000000;618236
PLZL;D;20201125;0;14585.5000000;14650.0000000;14259.0000000;14570.0000000;219642
PLZL;D;20201126;0;14580.0000000;15129.0000000;14580.0000000;15020.0000000;277932
PLZL;D;20201127;0;14989.5000000;15038.0000000;14472.0000000;14640.0000000;232863
PLZL;D;20201130;0;14568.5000000;14659.0000000;14350.5000000;14530.0000000;247240
PLZL;D;20201201;0;14551.0000000;14888.5000000;14547.0000000;14859.0000000;294817
PLZL;D;20201202;0;14769.0000000;14980.0000000;14543.5000000;14656.5000000;288055
PLZL;D;20201203;0;14710.0000000;14840.5000000;14416.0000000;14503.0000000;209733
PLZL;D;20201204;0;14530.0000000;14539.5000000;14280.0000000;14360.0000000;134125
PLZL;D;20201207;0;14379.5000000;14898.5000000;13975.5000000;14740.0000000;425689
PLZL;D;20201208;0;14792.0000000;15114.0000000;14630.0000000;15061.0000000;346915
PLZL;D;20201209;0;14999.5000000;15059.0000000;14510.5000000;14580.0000000;261912
PLZL;D;20201210;0;14550.0000000;14696.5000000;14333.0000000;14429.5000000;187922
PLZL;D;20201211;0;14423.0000000;14435.0000000;14119.0000000;14212.5000000;179962
PLZL;D;20201214;0;14175.0000000;14540.0000000;14010.0000000;14393.5000000;219775
PLZL;D;20201215;0;14510.0000000;15049.5000000;14400.0000000;14899.5000000;246754
PLZL;D;20201216;0;15000.0000000;15012.5000000;14540.0000000;14750.0000000;174639
PLZL;D;20201217;0;14820.0000000;15432.0000000;14754.0000000;15286.0000000;387723
PLZL;D;20201218;0;15210.0000000;15584.5000000;15138.0000000;15320.0000000;351854
PLZL;D;20201221;0;15630.0000000;15845.0000000;15330.0000000;15650.0000000;287612
PLZL;D;20201222;0;15537.0000000;15692.5000000;15004.5000000;15102.0000000;247196
PLZL;D;20201223;0;15130.0000000;15373.0000000;15057.0000000;15191.5000000;122003
PLZL;D;20201224;0;15230.0000000;15258.0000000;15109.0000000;15195.0000000;58241
PLZL;D;20201225;0;15194.0000000;15230.0000000;15142.0000000;15183.0000000;23779
PLZL;D;20201228;0;15260.0000000;15345.0000000;15125.0000000;15175.0000000;95311
PLZL;D;20201229;0;15169.5000000;15335.0000000;15155.0000000;15229.0000000;79001
PLZL;D;20201230;0;15275.0000000;15325.0000000;15141.0000000;15245.0000000;75256
PLZL;D;20210104;0;15500.5000000;16024.0000000;15400.5000000;15948.0000000;312968
PLZL;D;20210105;0;15940.0000000;16125.0000000;15611.5000000;15987.5000000;282004
PLZL;D;20210106;0;15950.5000000;16060.0000000;15522.0000000;15792.5000000;203880
PLZL;D;20210108;0;15730.5000000;15869.0000000;15304.0000000;15396.0000000;308871
PLZL;D;20210111;0;15404.5000000;15583.0000000;15334.5000000;15489.0000000;179723
PLZL;D;20210112;0;15558.5000000;15642.0000000;15252.5000000;15419.5000000;149926
PLZL;D;20210113;0;15427.5000000;15524.5000000;15328.5000000;15426.0000000;134358
PLZL;D;20210114;0;15370.0000000;15420.0000000;15015.0000000;15080.0000000;267982
PLZL;D;20210115;0;15079.5000000;15138.0000000;14800.0000000;14840.0000000;149649
PLZL;D;20210118;0;14938.5000000;15100.0000000;14715.0000000;14840.5000000;177310
PLZL;D;20210119;0;14891.5000000;14910.0000000;14620.5000000;14690.5000000;144393
PLZL;D;20210120;0;14765.0000000;15133.5000000;14656.0000000;15055.0000000;241330
PLZL;D;20210121;0;15089.0000000;15217.5000000;14937.0000000;15059.5000000;175657
PLZL;D;20210122;0;14897.0000000;15060.0000000;14660.0000000;14835.0000000;186319
PLZL;D;20210125;0;14850.0000000;15199.0000000;14739.0000000;15048.0000000;136314
PLZL;D;20210126;0;15089.0000000;15227.5000000;14815.0000000;15119.0000000;185070
PLZL;D;20210127;0;15150.0000000;15192.0000000;14783.0000000;14860.0000000;95959
PLZL;D;20210128;0;14830.0000000;14892.5000000;14542.5000000;14669.5000000;190268
PLZL;D;20210129;0;14732.5000000;14732.5000000;14279.5000000;14305.5000000;339435
PLZL;D;20210201;0;14445.5000000;14910.0000000;14377.5000000;14793.0000000;235579
PLZL;D;20210202;0;14743.0000000;15049.0000000;14575.0000000;14893.0000000;255667
PLZL;D;20210203;0;15020.0000000;15049.0000000;14499.5000000;14599.5000000;153384
PLZL;D;20210204;0;14469.0000000;14576.0000000;14308.5000000;14454.0000000;156987
PLZL;D;20210205;0;14438.0000000;14636.0000000;14410.0000000;14600.0000000;126173
PLZL;D;20210208;0;14560.0000000;14690.0000000;14464.0000000;14550.5000000;149477
PLZL;D;20210209;0;14565.0000000;14619.0000000;14450.5000000;14530.5000000;84370
PLZL;D;20210210;0;14544.5000000;14624.5000000;14276.0000000;14404.5000000;128133
PLZL;D;20210211;0;14355.0000000;14550.0000000;14319.0000000;14394.0000000;75523
PLZL;D;20210212;0;14409.5000000;14410.0000000;14290.0000000;14390.0000000;75804
PLZL;D;20210215;0;14390.0000000;14499.0000000;14359.0000000;14470.5000000;60311
PLZL;D;20210216;0;14470.0000000;14565.5000000;14328.0000000;14400.0000000;136679
PLZL;D;20210217;0;14359.5000000;14420.0000000;13912.5000000;14099.0000000;203173
PLZL;D;20210218;0;14097.0000000;14097.0000000;13665.5000000;13772.5000000;151892
PLZL;D;20210219;0;13717.5000000;14008.5000000;13617.0000000;13948.0000000;138759
PLZL;D;20210220;0;13970.0000000;14000.0000000;13908.0000000;13988.0000000;12634
PLZL;D;20210222;0;14020.0000000;14070.0000000;13860.0000000;13929.0000000;116816
PLZL;D;20210224;0;13812.0000000;14146.0000000;13706.0000000;14091.0000000;182242
PLZL;D;20210225;0;14043.5000000;14188.0000000;14010.0000000;14120.0000000;206154
PLZL;D;20210226;0;13988.0000000;14154.5000000;13920.0000000;14027.0000000;173329
PLZL;D;20210301;0;14100.0000000;14290.0000000;14000.0000000;14260.0000000;151406
PLZL;D;20210302;0;14178.0000000;14524.5000000;14115.0000000;14505.0000000;177850
PLZL;D;20210303;0;14530.0000000;14617.5000000;14400.0000000;14401.5000000;226474
PLZL;D;20210304;0;14458.5000000;14467.5000000;14040.0000000;14064.0000000;123300
PLZL;D;20210305;0;14200.0000000;14625.0000000;14115.0000000;14500.0000000;164223
PLZL;D;20210309;0;14493.5000000;14660.5000000;14350.0000000;14513.0000000;155480
PLZL;D;20210310;0;14510.0000000;14528.5000000;13954.5000000;14107.5000000;186062
PLZL;D;20210311;0;14182.5000000;14340.0000000;14144.0000000;14231.0000000;95421
PLZL;D;20210312;0;14200.0000000;14206.5000000;13974.0000000;14110.5000000;107117
PLZL;D;20210315;0;14230.0000000;14377.0000000;13990.5000000;14089.5000000;152313
PLZL;D;20210316;0;14089.5000000;14268.0000000;13990.0000000;14175.5000000;89931
PLZL;D;20210317;0;14230.0000000;14301.0000000;14094.5000000;14264.0000000;75723
PLZL;D;20210318;0;14313.5000000;14412.0000000;14170.0000000;14299.5000000;143268
PLZL;D;20210319;0;14300.0000000;14444.0000000;14265.0000000;14301.5000000;147883
PLZL;D;20210322;0;14310.0000000;14310.0000000;14045.0000000;14120.0000000;77700
PLZL;D;20210323;0;14132.0000000;14240.0000000;14065.0000000;14147.0000000;73196
PLZL;D;20210324;0;14197.0000000;14197.0000000;13895.0000000;13992.5000000;96271
PLZL;D;20210325;0;13936.0000000;14007.0000000;13828.5000000;13917.0000000;69682
PLZL;D;20210326;0;13948.5000000;13989.0000000;13809.5000000;13930.5000000;176763
PLZL;D;20210329;0;13920.5000000;13945.0000000;13740.0000000;13838.5000000;97115
PLZL;D;20210330;0;13817.5000000;13845.0000000;13400.0000000;13505.0000000;160302
PLZL;D;20210331;0;13510.0000000;13984.5000000;13485.0000000;13926.0000000;153440
PLZL;D;20210401;0;13994.5000000;14044.0000000;13660.0000000;13928.5000000;139359
PLZL;D;20210402;0;13990.0000000;13990.0000000;13853.0000000;13944.0000000;27123
PLZL;D;20210405;0;13910.0000000;13953.0000000;13773.0000000;13871.0000000;44735
PLZL;D;20210406;0;13915.0000000;14414.0000000;13880.0000000;14361.5000000;182258
PLZL;D;20210407;0;14329.0000000;14480.0000000;14243.0000000;14269.0000000;105978
PLZL;D;20210408;0;14310.5000000;14365.0000000;14169.5000000;14267.0000000;100503
PLZL;D;20210409;0;14187.0000000;14376.5000000;14130.5000000;14313.0000000;96350
PLZL;D;20210412;0;14349.0000000;14524.5000000;14250.0000000;14488.0000000;92267
PLZL;D;20210413;0;14550.0000000;14855.5000000;14460.5000000;14618.0000000;135787
PLZL;D;20210414;0;14666.5000000;14810.0000000;14514.5000000;14610.0000000;164184
PLZL;D;20210415;0;14597.5000000;14969.0000000;14563.5000000;14879.5000000;118229
PLZL;D;20210416;0;14959.0000000;15103.0000000;14739.0000000;15004.0000000;150175
PLZL;D;20210419;0;15015.5000000;15389.0000000;14953.5000000;15232.5000000;205774
PLZL;D;20210420;0;15220.0000000;15439.0000000;15186.5000000;15349.0000000;177698
PLZL;D;20210421;0;15449.0000000;15667.5000000;15332.5000000;15642.5000000;194207
PLZL;D;20210422;0;15670.0000000;15949.0000000;15645.5000000;15671.5000000;248159
PLZL;D;20210423;0;15650.0000000;15650.0000000;15160.5000000;15244.0000000;184114
PLZL;D;20210426;0;15288.0000000;15299.0000000;14810.0000000;14989.0000000;195109
PLZL;D;20210427;0;15024.5000000;15149.5000000;14558.0000000;14666.0000000;153633
PLZL;D;20210428;0;14700.0000000;14702.0000000;14412.0000000;14572.0000000;101580
PLZL;D;20210429;0;14640.0000000;14677.5000000;13940.0000000;14123.0000000;191572
PLZL;D;20210430;0;14123.0000000;14168.0000000;13854.0000000;13959.5000000;115611
PLZL;D;20210504;0;14094.5000000;14337.5000000;13956.0000000;14080.0000000;137608
PLZL;D;20210505;0;14100.0000000;14280.0000000;13986.5000000;14280.0000000;72140
PLZL;D;20210506;0;14298.0000000;14848.5000000;14285.5000000;14812.0000000;146434
PLZL;D;20210507;0;14859.0000000;15470.0000000;14811.0000000;15070.5000000;261834
PLZL;D;20210510;0;15200.0000000;15472.0000000;14870.0000000;15188.0000000;133584
PLZL;D;20210511;0;15122.5000000;15248.0000000;14952.5000000;15220.5000000;150559
PLZL;D;20210512;0;15230.0000000;15395.0000000;14877.0000000;14924.0000000;166523
PLZL;D;20210513;0;14927.0000000;15081.0000000;14690.5000000;14888.5000000;115161
PLZL;D;20210514;0;14928.0000000;15027.5000000;14865.0000000;14970.0000000;54558
PLZL;D;20210517;0;15113.0000000;15386.0000000;14992.0000000;15339.0000000;136561
PLZL;D;20210518;0;15470.0000000;15860.0000000;15382.0000000;15774.5000000;220595
PLZL;D;20210519;0;15799.0000000;15920.0000000;15430.5000000;15700.0000000;184071
PLZL;D;20210520;0;15845.0000000;15879.0000000;15628.5000000;15732.0000000;130703
PLZL;D;20210521;0;15732.0000000;15896.5000000;15600.0000000;15698.5000000;101959
